/*
SQLyog Enterprise - MySQL GUI v8.12 
MySQL - 5.5.32-cll : Database - gia53c14_giasutam
*********************************************************************
*/

/*!40101 SET NAMES utf8 */;

/*!40101 SET SQL_MODE=''*/;

/*!40014 SET @OLD_FOREIGN_KEY_CHECKS=@@FOREIGN_KEY_CHECKS, FOREIGN_KEY_CHECKS=0 */;
/*!40101 SET @OLD_SQL_MODE=@@SQL_MODE, SQL_MODE='NO_AUTO_VALUE_ON_ZERO' */;

CREATE DATABASE /*!32312 IF NOT EXISTS*/`gia53c14_giasutam` /*!40100 DEFAULT CHARACTER SET utf8 COLLATE utf8_unicode_ci */;

USE `gia53c14_giasutam`;

/*Table structure for table `Classes` */

DROP TABLE IF EXISTS `Classes`;

CREATE TABLE `Classes` (
  `ClassId` int(11) NOT NULL AUTO_INCREMENT,
  `ClassAddress` varchar(255) CHARACTER SET utf8 COLLATE utf8_unicode_ci NOT NULL,
  `DistrictId` int(11) NOT NULL,
  `ClassContact` varchar(255) CHARACTER SET utf8 COLLATE utf8_unicode_ci NOT NULL,
  `ClassCost` varchar(255) CHARACTER SET utf8 COLLATE utf8_unicode_ci NOT NULL,
  `ClassDaysOfWeek` varchar(255) CHARACTER SET utf8 COLLATE utf8_unicode_ci NOT NULL,
  `ClassTime` varchar(255) CHARACTER SET utf8 COLLATE utf8_unicode_ci NOT NULL,
  `ClassRequire` varchar(255) CHARACTER SET utf8 COLLATE utf8_unicode_ci NOT NULL,
  `ClassTutors` varchar(255) DEFAULT NULL,
  `ClassSubjects` varchar(255) CHARACTER SET utf8 COLLATE utf8_unicode_ci NOT NULL,
  `ClassGrade` varchar(50) CHARACTER SET utf8 COLLATE utf8_unicode_ci NOT NULL,
  `ClassStatus` tinyint(4) NOT NULL DEFAULT '0',
  `CreatedDate` timestamp NOT NULL DEFAULT CURRENT_TIMESTAMP,
  `IsDisabled` tinyint(1) NOT NULL DEFAULT '0',
  `LastUpdated` timestamp NOT NULL DEFAULT '0000-00-00 00:00:00',
  `LastUpdatedBy` int(11) NOT NULL,
  PRIMARY KEY (`ClassId`)
) ENGINE=InnoDB AUTO_INCREMENT=15 DEFAULT CHARSET=latin1;

/*Data for the table `Classes` */

insert  into `Classes`(`ClassId`,`ClassAddress`,`DistrictId`,`ClassContact`,`ClassCost`,`ClassDaysOfWeek`,`ClassTime`,`ClassRequire`,`ClassTutors`,`ClassSubjects`,`ClassGrade`,`ClassStatus`,`CreatedDate`,`IsDisabled`,`LastUpdated`,`LastUpdatedBy`) values (1,'Đường 43, quận 7, gần lottemart nguyễn thị thập',7,'0919.17.6446 ','1.000.000 /tháng','3 Buổi/ Tuần','chiều tối, thời gian tự sắp xếp với hs','Sinh viên (Nữ )','21,22,23','1,11,12,13','10',0,'0000-00-00 00:00:00',0,'2014-10-14 20:38:36',2),(2,'Lâm Văn Bền ,quận 7, gần trường THCS Nguyễn Hữu Thọ',7,'0919.17.6446','600,000 đồng/tháng','2 Buổi/Tuần','T3,5 Tối 5h30 - 7h30','Sinh viên ( Nữ )','24,25,26','4','7',0,'2014-09-25 11:15:57',0,'2014-10-14 20:38:46',2),(3,'Đường Xô Viết Nghệ Tĩnh, Q.Bình Thạnh, Gần Q1',16,'8','700.000 / tháng','2 buổi tối / tuần ,','tg tự sắp xếp với HS','dạy tốt','1','7','8',0,'2014-10-01 10:39:00',1,'2014-10-08 01:47:34',2),(4,'Trần Trọng Cung,q7',7,'Trần Trọng Cung,q7','800.000/tháng','2 buổi tối / tuần ,tg tự sắp xếp với HS',',tg tự sắp xếp với HS','Gia Sư Sinh Viên','40','7','10',0,'2014-10-04 10:32:29',1,'2014-10-08 01:47:22',2),(5,'Đường Lưu Trọng Lư,Q7',7,'0919.17.6446 - 0909.36.1963','2.000.000/tháng','2','T3-5 (5h-7h)','Sinh Viên/Giáo Viên .em này đag học chuyên Lê Hồng Phong cần học IELTS','','7','11',0,'2014-10-05 16:35:19',1,'2014-10-13 18:59:21',2),(6,'QL 50, ấp 3, Bình Hưng, Bình Chánh',19,'0919.17.6446 ','1.000.000/tháng','3 Buổi/Tuần','chọn 2,3,4,5 (6-7h30 tối)','Sinh viên','','3,1,2','11',0,'2014-10-06 15:48:51',0,'2014-10-14 20:38:59',2),(7,'Trần Văn khánh, Hưng Vượng Đông,q7',7,'0909.36.1963','1.200.000/tháng','3 Buổi/Tuần .','3,5,7 (6-8h)','Giáo viên','43','2,1','6',0,'2014-10-06 15:52:14',0,'2014-10-14 20:39:15',2),(8,'Đường số 9, Tân Quy Đông,q7',7,'0933782975','1.600.000/Tháng','1','Chiều T7','Giáo viên','43','2','11',0,'2014-10-06 16:01:07',1,'2014-10-13 19:00:58',2),(9,'Bùi Văn Ba, Q7',7,'0919.17.6446 - 0909.36.1963','1.000.000/tháng','3 Buổi/Tuần','Tg  sắp xếp với HS','(Sinh viên nam)','','3,1,2','9',0,'2014-10-06 21:12:54',0,'2014-10-09 21:44:29',2),(10,'Nguyễn Thị Thập, Q7',7,'0919.17.6446 - 0909.36.1963','1.000.000/tháng','2 Buổi/Tuần','thời gian sắp xếp với PH','Sinh viên','','1','9',0,'2014-10-09 17:48:20',1,'2014-10-13 19:01:50',2),(11,'Nguyễn Thị Thập, Q7',7,'0919.17.6446 ','700.000 / tháng','1 buổi / tuần','chiều tối, thời gian tự sắp xếp với hs','Sinh viên','','4','9',0,'2014-10-09 17:50:59',0,'2014-10-14 20:39:34',2),(12,'Huỳnh Tấn Phát,q7',7,'0919.17.6446 ','700.000 / tháng','2 buổi tối / tuần','tg tự sắp xếp với HS','Sinh viên','45','7,4','10',0,'2014-10-13 15:04:06',0,'2014-10-14 20:39:46',2),(13,'Lâm Văn Bền ,quận 7',7,'0919.17.6446 ','500.000/ tháng','2 buổi tối / tuần ,dò từ cho bé','18h00-19h30','Sinh viên ( Nữ )','','7','3',0,'2014-10-14 14:41:53',0,'2014-10-14 20:39:57',2),(14,'Đường 17, P. Tân Thuận, quận 7',7,'0909.17.6446','1.200.000/tháng','T 2,3,4,5,6','18h00 - 20h00','Sinh viên','40','9,1','1',0,'2014-10-14 20:07:42',0,'2014-10-15 00:08:51',2);

/*Table structure for table `ConfigCategories` */

DROP TABLE IF EXISTS `ConfigCategories`;

CREATE TABLE `ConfigCategories` (
  `ConfigCategoryId` int(11) NOT NULL AUTO_INCREMENT,
  `ConfigCategoryName` varchar(250) NOT NULL,
  `ConfigCategoryCode` varchar(250) NOT NULL,
  `CreatedDate` timestamp NOT NULL DEFAULT CURRENT_TIMESTAMP,
  `IsDisabled` tinyint(4) NOT NULL DEFAULT '0',
  PRIMARY KEY (`ConfigCategoryId`),
  UNIQUE KEY `index3` (`ConfigCategoryCode`),
  KEY `index2` (`ConfigCategoryCode`)
) ENGINE=InnoDB AUTO_INCREMENT=5 DEFAULT CHARSET=latin1;

/*Data for the table `ConfigCategories` */

insert  into `ConfigCategories`(`ConfigCategoryId`,`ConfigCategoryName`,`ConfigCategoryCode`,`CreatedDate`,`IsDisabled`) values (1,'Menu','Menu','0000-00-00 00:00:00',0),(2,'Layout','Layout','2014-09-23 20:57:30',0),(3,'Mail','GROUP_CONFIG_MAIL','2014-09-23 20:57:46',0),(4,'Group Button Social','group-button-social','2014-09-29 17:50:39',0);

/*Table structure for table `Configs` */

DROP TABLE IF EXISTS `Configs`;

CREATE TABLE `Configs` (
  `ConfigId` int(11) NOT NULL AUTO_INCREMENT,
  `ConfigName` varchar(250) COLLATE utf8_unicode_ci NOT NULL,
  `ConfigCode` varchar(250) CHARACTER SET latin1 NOT NULL,
  `ConfigValue` varchar(250) COLLATE utf8_unicode_ci NOT NULL,
  `ConfigCategoryId` int(11) NOT NULL,
  `IsDisabled` tinyint(4) NOT NULL DEFAULT '0',
  `LastUpdated` timestamp NOT NULL DEFAULT CURRENT_TIMESTAMP,
  `LastUpdatedBy` int(11) NOT NULL,
  PRIMARY KEY (`ConfigId`),
  UNIQUE KEY `index4` (`ConfigCode`),
  KEY `fk_Configs_ConfigCategories1` (`ConfigCategoryId`),
  KEY `index3` (`ConfigCode`)
) ENGINE=InnoDB AUTO_INCREMENT=20 DEFAULT CHARSET=utf8 COLLATE=utf8_unicode_ci;

/*Data for the table `Configs` */

insert  into `Configs`(`ConfigId`,`ConfigName`,`ConfigCode`,`ConfigValue`,`ConfigCategoryId`,`IsDisabled`,`LastUpdated`,`LastUpdatedBy`) values (1,'TopMenu','TopMenu','TopMenu',1,0,'2014-09-17 17:50:37',1),(3,'LeftContentTopParent','LeftContentTopParent','LeftContentTopParent',1,0,'2014-09-17 17:50:37',1),(4,'RightContentTopParent','RightContentTopParent','RightContentTopParent',1,0,'2014-09-17 17:50:37',1),(5,'LeftContentMiddleParent','LeftContentMiddleParent','LeftContentMiddleParent',1,0,'2014-09-17 17:50:37',1),(6,'Show News Title','ShowNewsTitle','0',2,0,'2014-09-23 12:17:43',1),(7,'User Name Of Mail ','mail-user-name','info@giasu-tam.com',3,0,'2014-09-23 18:54:51',1),(8,'Password Of Mail','mail-password','o22yTiag!@A',3,0,'2014-09-23 18:55:59',1),(9,'SSL Of Mail','mail-ssl','ssl',3,0,'2014-09-23 22:44:08',1),(10,'Port Of Mail','mail-port','465',3,0,'2014-09-23 22:43:59',1),(11,'Subject Of Mail','mail-subject','Đăng ký làm gia sư',3,0,'2014-09-23 18:59:38',1),(12,'User Name From Mail','mail-user-name-from	','Gia sư Tâm',3,0,'2014-09-26 15:51:50',1),(13,'Server of Mail','mail-server','mb2d117.vdrs.net',3,0,'2014-09-23 19:43:39',1),(14,'Đăng ký làm gia sư','dang-ky-gia-su','22',2,0,'2014-09-23 20:20:57',1),(15,'Ứng tuyển vị trí gia sư cho lớp học','ung-tuyen-gia-su','23',2,0,'2014-09-25 20:46:30',1),(16,'Account Facebook','account-facebook','giasutam',4,0,'2014-09-29 17:51:23',1),(17,'Đăng ký tìm gia sư','dang-ky-tim-gia-su','25',2,0,'2014-10-04 14:17:20',1),(18,'Carousel','TopContentMiddle','TopContentMiddle',2,0,'2014-10-09 01:15:46',1),(19,'Section Background: violet-bg, brone-bg, two-bg, orange-bg, red-bg','VioletBackgroundColor','none-bg',2,0,'2014-10-09 13:34:03',1);

/*Table structure for table `Contacts` */

DROP TABLE IF EXISTS `Contacts`;

CREATE TABLE `Contacts` (
  `ContactId` int(11) NOT NULL AUTO_INCREMENT,
  `ContactName` varchar(255) COLLATE utf8_unicode_ci NOT NULL,
  `ContactContent` text COLLATE utf8_unicode_ci NOT NULL,
  `CreatedDate` timestamp NOT NULL DEFAULT CURRENT_TIMESTAMP,
  `IsDisabled` tinyint(1) NOT NULL DEFAULT '0',
  `UserId` int(11) NOT NULL,
  `ContactPhone` varchar(15) COLLATE utf8_unicode_ci NOT NULL,
  `ContactTitle` varchar(255) COLLATE utf8_unicode_ci NOT NULL,
  PRIMARY KEY (`ContactId`)
) ENGINE=InnoDB AUTO_INCREMENT=4 DEFAULT CHARSET=utf8 COLLATE=utf8_unicode_ci;

/*Data for the table `Contacts` */

insert  into `Contacts`(`ContactId`,`ContactName`,`ContactContent`,`CreatedDate`,`IsDisabled`,`UserId`,`ContactPhone`,`ContactTitle`) values (3,'Ngô Bá Duy1232','<p><strong>Test Content</strong></p>\r\n<p><a href=\"/\" title=\"&aacute;dsadas\">/&aacute;dasdas</a></p>\r\n<h1><em>&aacute;dasdasdasdasa</em></h1>','2014-10-07 23:36:26',1,7,'098938499434234','Test tiêu đề2334');

/*Table structure for table `CronJobs` */

DROP TABLE IF EXISTS `CronJobs`;

CREATE TABLE `CronJobs` (
  `CronId` tinyint(4) NOT NULL AUTO_INCREMENT,
  `CronName` varchar(255) COLLATE utf8_unicode_ci NOT NULL,
  `CronData` tinytext COLLATE utf8_unicode_ci NOT NULL,
  `CreatedDate` timestamp NOT NULL DEFAULT CURRENT_TIMESTAMP,
  `CronStatus` varchar(10) COLLATE utf8_unicode_ci NOT NULL DEFAULT 'ready',
  PRIMARY KEY (`CronId`)
) ENGINE=InnoDB DEFAULT CHARSET=utf8 COLLATE=utf8_unicode_ci;

/*Data for the table `CronJobs` */

/*Table structure for table `Districts` */

DROP TABLE IF EXISTS `Districts`;

CREATE TABLE `Districts` (
  `DistrictId` int(11) NOT NULL AUTO_INCREMENT,
  `DistrictName` varchar(255) CHARACTER SET utf8 COLLATE utf8_unicode_ci NOT NULL,
  `IsDisabled` tinyint(1) DEFAULT '0',
  PRIMARY KEY (`DistrictId`)
) ENGINE=InnoDB AUTO_INCREMENT=24 DEFAULT CHARSET=latin1;

/*Data for the table `Districts` */

insert  into `Districts`(`DistrictId`,`DistrictName`,`IsDisabled`) values (1,'Quậ­n 1',0),(2,'Quậ­n 2',0),(3,'Quậ­n 3',0),(4,'Quậ­n 4',0),(5,'Quậ­n 5',0),(6,'Quậ­n 6',0),(7,'Quậ­n 7',0),(8,'Quậ­n 8',0),(9,'Quậ­n 9',0),(10,'Quậ­n 10',0),(11,'Quậ­n 11',0),(12,'Quậ­n 12',0),(13,'Tân Bình',0),(14,'Tân Phú',0),(15,'Phú Nhuận',0),(16,'Bình Thạnh',0),(17,'Gò Vấp',0),(18,'Bình Tân',0),(19,'Bình Chánh',0),(20,'Thủ Đức',0),(21,'Hóc Môn',0),(22,'Nhà Bè',0),(23,'Hóc Môn',1);

/*Table structure for table `Grades` */

DROP TABLE IF EXISTS `Grades`;

CREATE TABLE `Grades` (
  `GradeId` int(11) NOT NULL AUTO_INCREMENT,
  `GradeName` varchar(255) CHARACTER SET utf8 COLLATE utf8_unicode_ci NOT NULL,
  `IsDisabled` tinyint(1) DEFAULT '0',
  PRIMARY KEY (`GradeId`)
) ENGINE=InnoDB AUTO_INCREMENT=16 DEFAULT CHARSET=latin1;

/*Data for the table `Grades` */

insert  into `Grades`(`GradeId`,`GradeName`,`IsDisabled`) values (1,'Mầm Non',0),(2,'Lớp 1',0),(3,'Lớp 2',0),(4,'Lớp 3',0),(5,'Lớp 4',0),(6,'Lớp 5',0),(7,'Lớp 6',0),(8,'Lớp 7',0),(9,'Lớp 8',0),(10,'Lớp 9',0),(11,'Lớp 10',0),(12,'Lớp 11',0),(13,'Lớp 12',0),(14,'Ôn Thi Tốt Nghiệp',0),(15,'Luyện Thi ĐH',0);

/*Table structure for table `Images` */

DROP TABLE IF EXISTS `Images`;

CREATE TABLE `Images` (
  `ImageId` int(11) NOT NULL AUTO_INCREMENT,
  `ImageCode` varchar(255) NOT NULL,
  `ImageName` varchar(255) CHARACTER SET utf8 COLLATE utf8_unicode_ci NOT NULL,
  `ImageDesc` tinytext CHARACTER SET utf8 COLLATE utf8_unicode_ci NOT NULL,
  `RecommendWidth` int(11) NOT NULL,
  `RecommendHeight` int(11) NOT NULL,
  `Section` enum('Contact-About','Home','Left-Banner') DEFAULT NULL,
  `LastUpdated` timestamp NOT NULL DEFAULT CURRENT_TIMESTAMP,
  `LastUpdatedBy` int(11) NOT NULL,
  `IsDisabled` tinyint(1) NOT NULL DEFAULT '0',
  `ImageUrl` varchar(255) NOT NULL,
  PRIMARY KEY (`ImageId`)
) ENGINE=InnoDB AUTO_INCREMENT=5 DEFAULT CHARSET=latin1;

/*Data for the table `Images` */

insert  into `Images`(`ImageId`,`ImageCode`,`ImageName`,`ImageDesc`,`RecommendWidth`,`RecommendHeight`,`Section`,`LastUpdated`,`LastUpdatedBy`,`IsDisabled`,`ImageUrl`) values (1,'TopContentMiddle','Đội ngũ','<p><span>+ Gi&aacute;o vi&ecirc;n Kinh nghiệm </span></p>\r\n<p><span>+ Sinh vi&ecirc;n ĐHSP &amp; c&aacute;c trường đại học uy t&iacute;n </span></p>',748,430,'Home','2014-10-14 19:14:14',2,1,'bang_gia.jpg'),(2,'TopContentMiddle','Vì sự thành đạt ngày mai','<p><span>Qu&yacute; Phụ huynh h&atilde;y đầu tư cho con em m&igrave;nh từ h&ocirc;m nay!</span></p>',748,430,'Home','2014-10-09 05:16:09',1,0,'bootstrap-mdo-sfmoma-03.jpg'),(3,'HOME_LEFT','4impact-ecosystem.jpg','<p>Compellingly coordinate exceptional technology before wireless products. Phosfluorescently exploit orthogonal testing procedures for one-to-one resources Compellingly coordinate exceptional technology before wireless products. Phosfluorescently exploit',160,160,'Home','2014-10-12 21:02:23',1,1,'corner-info-blank.png'),(4,'TopContentMiddle','Kính gởi Quý Phụ Huynh …','<p>Đầu ti&ecirc;n, TTGS ch&uacute;ng t&ocirc;i gởi lời ch&uacute;c sức khỏe, hạnh ph&uacute;c đến gia đ&igrave;nh<br />Qu&yacute; Phụ Huynh!</p>',748,430,'Home','2014-10-09 05:16:16',1,0,'bootstrap-mdo-sfmoma-01.jpg');

/*Table structure for table `Menus` */

DROP TABLE IF EXISTS `Menus`;

CREATE TABLE `Menus` (
  `MenuId` int(11) NOT NULL AUTO_INCREMENT,
  `ParentMenuId` int(11) DEFAULT NULL,
  `MenuName` varchar(20) COLLATE utf8_unicode_ci NOT NULL,
  `MenuCode` varchar(30) CHARACTER SET latin1 NOT NULL,
  `MenuUrl` varchar(255) CHARACTER SET latin1 NOT NULL,
  `ClassName` varchar(50) CHARACTER SET latin1 NOT NULL,
  `Position` int(11) NOT NULL,
  `IsDisabled` tinyint(1) NOT NULL,
  `LastUpdatedBy` int(11) NOT NULL,
  `LastUpdated` timestamp NOT NULL DEFAULT '0000-00-00 00:00:00',
  `CreatedDate` timestamp NOT NULL DEFAULT CURRENT_TIMESTAMP,
  PRIMARY KEY (`MenuId`),
  KEY `fk_Menus_1` (`ParentMenuId`)
) ENGINE=InnoDB AUTO_INCREMENT=22 DEFAULT CHARSET=utf8 COLLATE=utf8_unicode_ci;

/*Data for the table `Menus` */

insert  into `Menus`(`MenuId`,`ParentMenuId`,`MenuName`,`MenuCode`,`MenuUrl`,`ClassName`,`Position`,`IsDisabled`,`LastUpdatedBy`,`LastUpdated`,`CreatedDate`) values (1,NULL,'TRANG CHỦ','TopMenu','/','blue-menu',0,0,1,'2014-09-20 14:29:14','2013-03-05 02:33:37'),(3,NULL,'LỚP DẠY HIỆN CÓ','TopMenu','/classes/show-classes','red-pink-menu',2,0,1,'2014-09-25 23:47:12','2013-03-05 02:33:37'),(4,NULL,'TUYỂN DỤNG','TopMenu','/news/detail/id/19','dark-yellow-menu',3,0,1,'2014-10-12 21:30:08','2013-03-05 02:33:37'),(5,NULL,'LIÊN HỆ','TopMenu','/news/detail/id/20','organe-menu',4,0,1,'2014-09-20 14:34:22','2013-03-05 02:33:37'),(6,NULL,'GIỚI THIỆU','TopMenu','/news/detail/id/18','light-green-menu',1,0,1,'2014-09-20 14:32:45','2014-09-11 00:00:00'),(7,21,'Phương pháp học tập','LeftContentMiddle','/news/show-news/cate/1','light-green-menu',10,0,2,'2014-10-08 15:09:21','2014-09-11 00:00:00'),(8,21,'Gia sư Tâm','LeftContentMiddle','/news/show-news/cate/2','light-green-menu',11,0,1,'2014-09-29 23:37:33','2014-09-11 00:00:00'),(9,21,'Bí quyết chọn gia sư','LeftContentMiddle','/news/show-news/cate/7','light-green-menu',12,0,1,'2014-10-08 23:35:02','2014-09-11 00:00:00'),(10,20,'Đăng ký tìm gia sư','LeftContentTop','/user/login','light-green-menu',20,0,1,'2014-10-01 00:26:31','2014-09-11 00:00:00'),(11,20,'Học phí tham khảo','LeftContentTop','/news/detail/id/5','light-green-menu',21,0,1,'2014-09-29 23:38:19','2014-09-11 00:00:00'),(12,20,'Phụ huynh cần biết','LeftContentTop','/news/detail/id/4','light-green-menu',22,0,1,'2014-09-29 23:38:31','2014-09-11 00:00:00'),(13,19,'Đăng ký làm gia sư','RightContentTop','/tutors/register','light-green-menu',30,0,1,'2014-09-29 23:38:42','2014-09-11 00:00:00'),(14,19,'Lớp dạy hiện có','RightContentTop','/classes/show-classes','light-green-menu',32,0,1,'2014-09-29 23:38:53','2014-09-11 00:00:00'),(15,19,'Nội quy nhận lớp','RightContentTop','/news/detail/id/9','light-green-menu',31,0,1,'2014-09-29 23:39:03','2014-09-11 00:00:00'),(16,19,'Ý kiến gia sư','RightContentTop','/news/detail/id/8','light-green-menu',33,0,1,'2014-09-29 23:39:17','2014-09-11 00:00:00'),(17,20,'Ý kiến phụ huynh','LeftContentTop','/news/detail/id/7','light-green-menu',23,0,1,'2014-09-29 23:39:37','2014-09-11 00:00:00'),(18,19,'Gia sư hiện có','RightContentTop','/tutors/show-tutors','tutors',34,0,2,'2014-10-01 13:47:28','2014-09-24 16:02:48'),(19,NULL,'GIA SƯ','RightContentTopParent','/','TopMenu',60,0,1,'2014-10-01 22:29:32','2014-09-29 19:12:12'),(20,NULL,'PHỤ HUYNH','LeftContentTopParent','/','TopMenu',50,0,1,'2014-09-29 22:12:59','2014-09-29 19:12:59'),(21,NULL,'TIN TỨC','LeftContentMiddleParent','/','TopMenu',40,0,1,'2014-10-01 22:27:59','2014-09-29 19:13:33');

/*Table structure for table `News` */

DROP TABLE IF EXISTS `News`;

CREATE TABLE `News` (
  `NewsId` int(15) unsigned NOT NULL AUTO_INCREMENT,
  `Title` varchar(255) COLLATE utf8_unicode_ci NOT NULL,
  `Summary` tinytext COLLATE utf8_unicode_ci NOT NULL,
  `UserId` int(11) NOT NULL,
  `Content` text COLLATE utf8_unicode_ci NOT NULL,
  `ImageUrl` varchar(255) CHARACTER SET latin1 DEFAULT NULL,
  `CreatedDate` timestamp NOT NULL DEFAULT CURRENT_TIMESTAMP,
  `IsPrivate` tinyint(1) DEFAULT '0',
  `NewsCategoryId` int(11) NOT NULL,
  `LastUpdated` timestamp NOT NULL DEFAULT '0000-00-00 00:00:00',
  `LastUpdatedBy` int(11) NOT NULL,
  `IsDisabled` tinyint(4) NOT NULL DEFAULT '0',
  PRIMARY KEY (`NewsId`)
) ENGINE=MyISAM AUTO_INCREMENT=31 DEFAULT CHARSET=utf8 COLLATE=utf8_unicode_ci;

/*Data for the table `News` */

insert  into `News`(`NewsId`,`Title`,`Summary`,`UserId`,`Content`,`ImageUrl`,`CreatedDate`,`IsPrivate`,`NewsCategoryId`,`LastUpdated`,`LastUpdatedBy`,`IsDisabled`) values (3,'TRANG CHỦ','<h2>&nbsp;</h2>',0,'<h1 style=\"text-align: center;\"><span style=\"color: #0000ff; background-color: #ffffff;\"><span style=\"color: #ff0000;\"><strong>&nbsp; &nbsp; &nbsp;</strong></span></span></h1>\r\n<h1 style=\"text-align: center;\"><span style=\"color: #000080;\"><strong>&nbsp; &nbsp; &nbsp;GIA SƯ T&Acirc;M</strong></span></h1>\r\n<p style=\"text-align: center;\"><span style=\"color: #000080;\">&nbsp; &nbsp; &nbsp; &nbsp; &nbsp; &nbsp;(UY T&Iacute;N-CHẤT LƯỢNG-TẬN T&Acirc;M)</span></p>\r\n<h4 style=\"text-align: center;\"><span style=\"color: #ff0000;\"><strong>&nbsp; &nbsp; &nbsp; &nbsp; THƯ NGỎ D&Agrave;NH CHO QU&Yacute; PHỤ HUYNH</strong></span></h4>\r\n<p style=\"text-align: center;\"><strong>&nbsp; &nbsp;</strong><strong>&nbsp; &nbsp; &nbsp; &nbsp; &nbsp; &nbsp; &nbsp; &nbsp; &nbsp; &nbsp; &nbsp; &nbsp; &nbsp; &nbsp; &nbsp; &nbsp; &nbsp; &nbsp; &nbsp;</strong></p>\r\n<p><span style=\"color: #000000; background-color: #ffffff;\"><strong>&nbsp;<span style=\"color: #000000; background-color: #ffffff;\">K&iacute;nh gởi</span></strong><span style=\"color: #333333;\">&nbsp;</span><span style=\"color: #000080;\"><strong>Qu&yacute; Phụ Huynh</strong>&nbsp;<strong>&hellip;</strong></span></span></p>\r\n<p><strong>Lời đầu ti&ecirc;n <span style=\"color: #000080;\">TRUNG T&Acirc;M GIA SƯ T&Acirc;M</span> xin gửi lời ch&agrave;o, lời ch&uacute;c sức khỏe đến to&agrave;n thể Qu&yacute; Phụ Huynh , c&aacute;c em học sinh, qu&yacute; thầy c&ocirc; gi&aacute;o v&agrave; c&aacute;c bạn sinh vi&ecirc;n th&acirc;n mến!</strong></p>\r\n<p><strong><span style=\"color: #000080;\">GIA SƯ T&Acirc;M</span> nằm to&agrave;n tọa lạc tại 157 L&acirc;m Văn Bền, Q7, TP.HCM l&agrave; 1 trung t&acirc;m gia sư uy t&iacute;n tại địa b&agrave;n TP Hồ Ch&iacute; Minh, được th&agrave;nh lập với sứ mệnh cao cả &lsquo; Người dẫn đường &lsquo; cho c&aacute;c em học sinh v&agrave; c&aacute;c bạn sinh vi&ecirc;n, TTGS<span style=\"text-decoration: underline;\"><span style=\"color: #ff0000; text-decoration: underline;\"> chuy&ecirc;n cung cấp gia sư ở&nbsp;c&aacute;c quận 1, 2, 3, 4, 5, 6,7 ,8, 9, 10, 11, 12, B&igrave;nh Thạnh,Thủ Đức, T&acirc;n B&igrave;nh, T&acirc;n Ph&uacute;, B&igrave;nh T&acirc;n, H&oacute;c M&ocirc;n, G&ograve; vấp, Ph&uacute; Nhuận.</span></span></strong></p>\r\n<p><strong>Với đội ngũ gia sư: &nbsp;<span style=\"background-color: #ffff99;\">+ Gi&aacute;o vi&ecirc;n kinh nghi&ecirc;m</span></strong></p>\r\n<p><strong>&nbsp; &nbsp; &nbsp; &nbsp; &nbsp; &nbsp; &nbsp; &nbsp; &nbsp; &nbsp; &nbsp; &nbsp; &nbsp; &nbsp; &nbsp; &nbsp;&nbsp;<span style=\"background-color: #ffff99;\">+ Sinh vi&ecirc;n ĐHSP &amp; c&aacute;c trường cao đẳng, đại học nổi tiếng</span></strong></p>\r\n<h2><strong>&nbsp; &nbsp; &nbsp; &nbsp; &nbsp; &nbsp; &nbsp; &nbsp; &nbsp; &nbsp; &nbsp; &nbsp; &nbsp; &nbsp; &nbsp; &nbsp;</strong><strong><em>&nbsp; &nbsp; &nbsp; &nbsp;<span style=\"color: #000000;\">&nbsp;</span></em></strong><span style=\"color: #000000;\"><strong><span style=\"background-color: #99ccff;\"><em>DẠY K&Egrave;M TẠI NH&Agrave;</em>.</span></strong></span></h2>\r\n<p><span style=\"color: #ff0000; background-color: #99ccff;\"><img src=\"https://encrypted-tbn3.gstatic.com/images?q=tbn:ANd9GcRNmuDdubZ0-BUDXpJ7rmDphy648fyxNk7DmiVnf-4eGqbHEIo0\" border=\"0\" alt=\"https://www.google.com.vn/url?sa=i&amp;rct=j&amp;q=&amp;esrc=s&amp;source=images&amp;cd=&amp;cad=rja&amp;uact=8&amp;docid=t8I4Z7GeJrsZgM&amp;tbnid=bTyZFBAczl4raM:&amp;ved=&amp;url=http%3A%2F%2Ftrungtamgiasusuphamtphcm.edu.vn%2F&amp;ei=3EEgVIf3Ks7t8AWt-4LIAQ&amp;bvm=bv.75775273,d.dGc&amp;psig=AFQjCNGtciMohC9xLOXCJqc5h9MHJrxGiA&amp;ust=1411485897189274\" width=\"524\" height=\"348\" /></span></p>\r\n<p>&nbsp;<span style=\"color: #000000; background-color: #ffffff;\"><strong><em>Nhận dạy k&egrave;m tại nh&agrave; c&aacute;c m&ocirc;n R&egrave;n Chữ Đẹp, Tiếng ,Việt ,To&aacute;n ,&nbsp;L&iacute;, H&oacute;a, Sinh, Văn , Ngọai Ngữ ..</em></strong><strong>v&agrave;<em>&nbsp;theo y&ecirc;u cầu</em>&nbsp;của qu&yacute; phụ huynh,học sinh&nbsp;<em>từ &nbsp;lớp&nbsp;l&aacute;&nbsp;đến lớp 12, &ocirc;n thi tốt nghi&ecirc;p, LTĐH c&aacute;c khối A, B, C, D... Dạy cơ bản , n&acirc;ng cao đ&agrave;n, nhạc, vẽ ...&nbsp;</em></strong></span></p>\r\n<p><strong><em><span style=\"color: #ff0000;\">Đội ngũ gia sư được tuyển dụng 1 c&aacute;ch kĩ&nbsp; c&agrave;ng c&ugrave;ng với 5 năm kinh nghiệm</span> TTGS ch&uacute;ng t&ocirc;i đ&atilde; l&agrave;m h&agrave;i l&ograve;ng rất nhiều qu&yacute; Phụ Huynh ,học sinh.</em> <em>lấy phương ch&acirc;m chữ <span style=\"color: #000080;\">&ldquo;T&Acirc;M&rdquo;</span> h&agrave;ng đầu , <span style=\"color: #ff0000; background-color: #ffffff;\">phương ph&aacute;p sư phạm hiệu quả</span>, dễ hiểu, dạy b&aacute;m s&aacute;t chương tr&igrave;nh s&aacute;ch gi&aacute;o khoa của Bộ gi&aacute;o dục v&agrave; dạy mở rộng chương tr&igrave;nh n&acirc;ng cao, TTGS ch&uacute;ng t&ocirc;i sẽ gi&uacute;p c&aacute;c em vượt qua c&aacute;c kỳ thi quan trọng ( thi học kỳ, thi chuyển cấp, tốt nghiệp trung học phổ th&ocirc;ng v&agrave; thi đại học &hellip;). &ldquo; Học đi đ&ocirc;i với h&agrave;nh &rdquo;, ch&uacute;ng t&ocirc;i sẽ hỗ trợ tốt nhất đề c&aacute;c em c&oacute; thể kết hợp hiệu quả cao giữa l&yacute; thuyết v&agrave; b&agrave;i tập. Ngo&agrave;i ra, ch&uacute;ng t&ocirc;i thường xuy&ecirc;n b&aacute;o c&aacute;o kết quả học tập của học sinh ( mỗi th&aacute;ng một lần ) cho qu&yacute; Phụ Huynh.H&atilde;y đến với ch&uacute;ng t&ocirc;i Qu&yacute; Phụ Huynh sẽ thấy con em m&igrave;nh<span style=\"color: #000080;\"> tiến bộ qua từng buổi học.</span></em></strong></p>\r\n<p style=\"text-align: left;\">&nbsp; &nbsp;<strong>&nbsp; &nbsp; &nbsp; &nbsp; &nbsp; &nbsp;</strong></p>\r\n<h4 style=\"text-align: center;\"><strong>&nbsp; &nbsp; &nbsp; &nbsp; &nbsp; &nbsp; &nbsp; &nbsp; &nbsp; &nbsp; &nbsp; &nbsp; &nbsp; &nbsp; <span style=\"color: #000000; background-color: #ffffff;\">H&atilde;y li&ecirc;n hệ với ch&uacute;ng t&ocirc;i để được tư vấn miễn ph&iacute; v&agrave; t&igrave;m cho con em m&igrave;nh 1 gia sư giỏi ,tận t&acirc;m &hellip;</span></strong></h4>\r\n<h4 style=\"text-align: center;\"><span style=\"color: #808080; background-color: #ffffff;\"><span style=\"color: #000000;\">&nbsp; &nbsp; &nbsp; &nbsp; &nbsp; &nbsp; BẢNG HỌC PH&Iacute; THAM KHẢO: &nbsp; &nbsp; &nbsp;</span> &nbsp; &nbsp;</span> &nbsp;&nbsp;</h4>\r\n<h4 style=\"text-align: center;\"><strong><span style=\"color: #ff0000;\"><em>Đội ngũ </em></span><em><span style=\"color: #ff0000;\">:</span>&nbsp; &nbsp; &nbsp;&nbsp;<span style=\"background-color: #ffff99;\">&nbsp;</span></em><span style=\"background-color: #ffff99;\">+ <em>Gi&aacute;o vi&ecirc;n Kinh nghiệm</em></span></strong></h4>\r\n<h4 style=\"text-align: center;\"><span style=\"background-color: #ffff99;\"><strong><span style=\"background-color: #ffffff;\">&nbsp; &nbsp; &nbsp; &nbsp; &nbsp; &nbsp; &nbsp; &nbsp; &nbsp; &nbsp; &nbsp; &nbsp; &nbsp; &nbsp; &nbsp; &nbsp; &nbsp; &nbsp;&nbsp;&nbsp; &nbsp; &nbsp; &nbsp; &nbsp; &nbsp; &nbsp; &nbsp;</span>+ <em>Sinh vi&ecirc;n ĐHSP&amp;c&aacute;c trường đại học uy t&iacute;n</em></strong></span></h4>\r\n<h4 style=\"text-align: center;\"><strong>&nbsp;<span style=\"background-color: #00ccff;\">C&aacute;c em học sinh sẽ được học thử miễn ph&iacute; 1 tuần đầu ti&ecirc;n</span></strong></h4>\r\n<p>&nbsp; &nbsp; &nbsp; &nbsp; &nbsp; &nbsp; &nbsp; &nbsp; &nbsp; &nbsp; &nbsp; &nbsp; &nbsp; &nbsp; &nbsp; &nbsp; &nbsp; &nbsp; &nbsp; &nbsp; &nbsp; &nbsp; &nbsp; &nbsp; &nbsp; &nbsp; &nbsp; &nbsp; &nbsp; &nbsp; &nbsp; &nbsp; &nbsp; &nbsp; &nbsp; &nbsp; &nbsp; &nbsp; &nbsp; &nbsp; &nbsp; &nbsp; &nbsp; &nbsp; &nbsp; &nbsp; &nbsp; &nbsp; &nbsp; &nbsp; &nbsp; &nbsp; &nbsp;&nbsp;</p>\r\n<p>&nbsp;BẢNG HỌC PH&Iacute; GIA SƯ SINH VI&Ecirc;N:</p>\r\n<table>\r\n<tbody>\r\n<tr>\r\n<td width=\"100\">\r\n<p><strong><em>Lớp&nbsp;&nbsp;&nbsp;&nbsp; </em></strong></p>\r\n<p><strong><em>Buổi</em></strong></p>\r\n</td>\r\n<td width=\"94\">\r\n<p><strong><em>&nbsp;</em></strong></p>\r\n<p><strong><em>L&aacute;, 1, 2, 3, 4</em></strong></p>\r\n</td>\r\n<td width=\"94\">\r\n<p><strong><em>&nbsp;</em></strong></p>\r\n<p><strong><em>5, 6, 7, 8</em></strong></p>\r\n</td>\r\n<td width=\"94\">\r\n<p><strong><em>&nbsp;</em></strong></p>\r\n<p><strong><em>9, 10, 11</em></strong></p>\r\n</td>\r\n<td width=\"94\">\r\n<p><strong><em>&nbsp;</em></strong></p>\r\n<p><strong><em>12</em></strong></p>\r\n</td>\r\n<td width=\"94\">\r\n<p><strong><em>&nbsp;</em></strong></p>\r\n<p><strong><em>LT 10</em></strong></p>\r\n</td>\r\n<td width=\"94\">\r\n<p><strong><em>&nbsp;</em></strong></p>\r\n<p><strong><em>LTĐH</em></strong></p>\r\n</td>\r\n<td width=\"94\">\r\n<p><strong><em>TIN HỌC, &Acirc;M NHẠC &hellip;</em></strong></p>\r\n</td>\r\n</tr>\r\n<tr>\r\n<td width=\"100\">\r\n<p><strong><em>1&nbsp; </em></strong><em>buổi/tuần</em></p>\r\n</td>\r\n<td width=\"94\">\r\n<p><strong><em>500.000</em></strong></p>\r\n</td>\r\n<td width=\"94\">\r\n<p><strong><em>600.000</em></strong></p>\r\n</td>\r\n<td width=\"94\">\r\n<p><strong><em>700.000</em></strong></p>\r\n</td>\r\n<td width=\"94\">\r\n<p><strong><em>800.000</em></strong></p>\r\n</td>\r\n<td width=\"94\">\r\n<p><strong><em>750.000</em></strong></p>\r\n</td>\r\n<td width=\"94\">\r\n<p><strong><em>800.000</em></strong></p>\r\n</td>\r\n<td width=\"94\">\r\n<p><strong><em>700.000</em></strong></p>\r\n</td>\r\n</tr>\r\n<tr>\r\n<td width=\"100\">\r\n<p><strong><em>2&nbsp; </em></strong><em>buổi/tuần</em></p>\r\n</td>\r\n<td width=\"94\">\r\n<p><em>900.000</em></p>\r\n</td>\r\n<td width=\"94\">\r\n<p><em>1.100.000</em></p>\r\n</td>\r\n<td width=\"94\">\r\n<p><em>1.300.000</em></p>\r\n</td>\r\n<td width=\"94\">\r\n<p><em>1.500.000</em></p>\r\n</td>\r\n<td width=\"94\">\r\n<p><em>1.400.000</em></p>\r\n</td>\r\n<td width=\"94\">\r\n<p><em>1.500.000</em></p>\r\n</td>\r\n<td width=\"94\">\r\n<p><em>1.300.000</em></p>\r\n</td>\r\n</tr>\r\n<tr>\r\n<td width=\"100\">\r\n<p><strong><em>3&nbsp; </em></strong><em>buổi/tuần</em></p>\r\n</td>\r\n<td width=\"94\">\r\n<p><em>1.300.000</em></p>\r\n</td>\r\n<td width=\"94\">\r\n<p><em>1.550.000</em></p>\r\n</td>\r\n<td width=\"94\">\r\n<p><em>1.800.000</em></p>\r\n</td>\r\n<td width=\"94\">\r\n<p><em>2.100.000</em></p>\r\n</td>\r\n<td width=\"94\">\r\n<p><em>2.000.000</em></p>\r\n</td>\r\n<td width=\"94\">\r\n<p><em>2.100.000</em></p>\r\n</td>\r\n<td width=\"94\">\r\n<p><em>1.800.000</em></p>\r\n</td>\r\n</tr>\r\n</tbody>\r\n</table>\r\n<p>&nbsp;</p>\r\n<p><em>BẢNG HỌC PH&Iacute; GIA SƯ GI&Aacute;O VI&Ecirc;N: &nbsp; &nbsp;</em></p>\r\n<table>\r\n<tbody>\r\n<tr>\r\n<td width=\"100\">\r\n<p><strong><em>Lớp&nbsp;&nbsp;&nbsp;&nbsp; </em></strong></p>\r\n<p><strong><em>Buổi</em></strong></p>\r\n</td>\r\n<td width=\"94\">\r\n<p><strong><em>&nbsp;</em></strong></p>\r\n<p><strong><em>L&aacute;, 1, 2, 3, 4</em></strong></p>\r\n</td>\r\n<td width=\"94\">\r\n<p><strong><em>&nbsp;</em></strong></p>\r\n<p><strong><em>5, 6, 7, 8</em></strong></p>\r\n</td>\r\n<td width=\"94\">\r\n<p><strong><em>&nbsp;</em></strong></p>\r\n<p><strong><em>9, 10, 11</em></strong></p>\r\n</td>\r\n<td width=\"94\">\r\n<p><strong><em>&nbsp;</em></strong></p>\r\n<p><strong><em>12</em></strong></p>\r\n</td>\r\n<td width=\"94\">\r\n<p><strong><em>&nbsp;</em></strong></p>\r\n<p><strong><em>LT 10</em></strong></p>\r\n</td>\r\n<td width=\"94\">\r\n<p><strong><em>&nbsp;</em></strong></p>\r\n<p><strong><em>LTĐH</em></strong></p>\r\n</td>\r\n<td width=\"94\">\r\n<p><strong><em>TIN HỌC, &Acirc;M NHẠC &hellip;</em></strong></p>\r\n</td>\r\n</tr>\r\n<tr>\r\n<td width=\"100\">\r\n<p><strong><em>1&nbsp; </em></strong><em>buổi/tuần</em></p>\r\n</td>\r\n<td width=\"94\">\r\n<p><strong><em>500.000</em></strong></p>\r\n</td>\r\n<td width=\"94\">\r\n<p><strong><em>600.000</em></strong></p>\r\n</td>\r\n<td width=\"94\">\r\n<p><strong><em>700.000</em></strong></p>\r\n</td>\r\n<td width=\"94\">\r\n<p><strong><em>800.000</em></strong></p>\r\n</td>\r\n<td width=\"94\">\r\n<p><strong><em>750.000</em></strong></p>\r\n</td>\r\n<td width=\"94\">\r\n<p><strong><em>800.000</em></strong></p>\r\n</td>\r\n<td width=\"94\">\r\n<p><strong><em>700.000</em></strong></p>\r\n</td>\r\n</tr>\r\n<tr>\r\n<td width=\"100\">\r\n<p><strong><em>2&nbsp; </em></strong><em>buổi/tuần</em></p>\r\n</td>\r\n<td width=\"94\">\r\n<p><em>900.000</em></p>\r\n</td>\r\n<td width=\"94\">\r\n<p><em>1.100.000</em></p>\r\n</td>\r\n<td width=\"94\">\r\n<p><em>1.300.000</em></p>\r\n</td>\r\n<td width=\"94\">\r\n<p><em>1.500.000</em></p>\r\n</td>\r\n<td width=\"94\">\r\n<p><em>1.400.000</em></p>\r\n</td>\r\n<td width=\"94\">\r\n<p><em>1.500.000</em></p>\r\n</td>\r\n<td width=\"94\">\r\n<p><em>1.300.000</em></p>\r\n</td>\r\n</tr>\r\n<tr>\r\n<td width=\"100\">\r\n<p><strong><em>3&nbsp; </em></strong><em>buổi/tuần</em></p>\r\n</td>\r\n<td width=\"94\">\r\n<p><em>1.300.000</em></p>\r\n</td>\r\n<td width=\"94\">\r\n<p><em>1.550.000</em></p>\r\n</td>\r\n<td width=\"94\">\r\n<p><em>1.800.000</em></p>\r\n</td>\r\n<td width=\"94\">\r\n<p><em>2.100.000</em></p>\r\n</td>\r\n<td width=\"94\">\r\n<p><em>2.000.000</em></p>\r\n</td>\r\n<td width=\"94\">\r\n<p><em>2.100.000</em></p>\r\n</td>\r\n<td width=\"94\">\r\n<p><em>1.800.000</em></p>\r\n</td>\r\n</tr>\r\n</tbody>\r\n</table>\r\n<p><em>&nbsp; &nbsp; &nbsp; &nbsp; &nbsp; &nbsp; * HOC PH&Iacute; SẼ TĂNG HOẶC GIẢM T&Ugrave;Y V&Agrave;O SỐ LƯỢNG HS, M&Ocirc;N HỌC, Y&Ecirc;U CẦU CỦA PHỤ HUYNH. &nbsp; &nbsp; &nbsp; &nbsp; &nbsp; &nbsp;&nbsp;</em><em>&nbsp;&nbsp;</em></p>\r\n<p><span style=\"color: #000000; background-color: #ffffff;\"><strong>V&igrave; sự th&agrave;nh đạt ng&agrave;y mai,&nbsp;</strong><strong>Qu&yacute; Phụ huynh h&atilde;y đầu tư cho con em m&igrave;nh từ h&ocirc;m nay!&nbsp;</strong></span></p>\r\n<p>&nbsp;</p>\r\n<p><strong>_ĐC : 157 L&acirc;m VănBền, P.B&igrave;nhThuận, quận7, TP.HCM</strong></p>\r\n<p><strong>_SĐT : 0919176446 ( C&ocirc; Nhung ) 0909361963 ( Thầy T&acirc;m )</strong></p>\r\n<p><strong>_EMAIL: lienhe@giasu-tam.com</strong></p>\r\n<p><strong>_WEBSITE :</strong> <a href=\"http://giasu-tam.com/\">http://giasu-tam.com/</a></p>\r\n<p><strong>_FB :</strong> <a href=\"https://www.facebook.com/giasutam\">https://www.facebook.com/giasutam</a></p>\r\n<p>&nbsp;</p>\r\n<p><span style=\"background-color: #ffffff;\">&nbsp;</span></p>','logo.png','2014-09-16 18:09:39',1,6,'2014-10-09 22:06:54',2,0),(4,'Phụ huynh cần biết','<div class=\"\\&quot;bs-docs-section\\&quot;\">\r\n<div class=\"\\&quot;highlight\\&quot;\">\r\n<pre>Phụ huynh cần biết</pre>\r\n</div>\r\n</div>',0,'<h1 style=\"text-align: center;\"><span style=\"color: #0000ff;\"><strong>GIA SƯ T&Acirc;M</strong></span></h1>\r\n<p style=\"text-align: center;\"><span style=\"color: #0000ff;\">( UY T&Iacute;N-CHẤT LƯỢNG-TẬN T&Acirc;M )</span></p>\r\n<p><span style=\"color: #ff0000;\"><strong>QUY TR&Igrave;NH GIA SƯ ĐẾN GẶP PHỤ HUYNH NHẬN LỚP DẠY:</strong></span></p>\r\n<p>Sau khi trung t&acirc;m cho gia sư đến gặp phụ huynh v&agrave; nhận lớp dạy, Gia sư sẽ tr&igrave;nh thư giới thiệu của <span style=\"color: #0000ff;\"><strong>GIA SƯ T&Acirc;M</strong></span>&nbsp;cho qu&yacute; phụ huynh, nếu phụ huynh kh&ocirc;ng đồng &yacute; gia sư,hoặc sau khi học thử 1 tuần đầu ti&ecirc;n phụ huynh cảm thấy gia sư dạy kh&ocirc;ng hiệu quả th&igrave; LH đến trung t&acirc;m để ch&uacute;ng t&ocirc;i đổi gia sư kh&aacute;c th&iacute;ch hợp cho học sinh.</p>\r\n<h4>H&atilde;y li&ecirc;n hệ với ch&uacute;ng t&ocirc;i để được tư vấn miễn ph&iacute; v&agrave; t&igrave;m cho con em m&igrave;nh 1 gia sư giỏi ,tận t&acirc;m &hellip;</h4>\r\n<p>xin cảm ơn !</p>\r\n<p><strong>_ĐC: 157 L&acirc;m Văn Bền, P.B&igrave;nhThuận, Quận 7, TP.HCM</strong></p>\r\n<p><strong>_ĐT: 0919.17.6446 (C&ocirc; Nhung) &ndash; 0909.36.1963 (Thầy T&acirc;m)</strong></p>\r\n<p><strong>_EMAIL:lienhe@giasu-tam.co</strong>&nbsp; &nbsp; &nbsp; &nbsp; &nbsp; &nbsp; &nbsp; &nbsp; &nbsp; &nbsp; &nbsp; &nbsp; &nbsp; &nbsp; &nbsp; &nbsp; &nbsp; &nbsp; &nbsp; &nbsp; &nbsp; &nbsp; &nbsp; &nbsp; &nbsp; &nbsp; &nbsp; &nbsp; &nbsp; &nbsp; &nbsp; &nbsp; &nbsp; &nbsp; &nbsp; &nbsp; &nbsp; &nbsp; &nbsp; &nbsp; &nbsp; &nbsp; &nbsp; &nbsp; &nbsp; &nbsp; &nbsp; &nbsp; &nbsp; &nbsp; &nbsp; &nbsp; &nbsp; &nbsp; &nbsp; &nbsp; &nbsp; &nbsp; &nbsp; &nbsp; &nbsp; &nbsp; &nbsp; &nbsp; &nbsp; &nbsp; &nbsp; &nbsp; &nbsp; &nbsp; &nbsp; &nbsp; &nbsp; &nbsp; &nbsp; &nbsp; &nbsp; &nbsp; &nbsp; &nbsp; &nbsp; &nbsp; &nbsp; &nbsp; &nbsp; &nbsp; &nbsp; &nbsp; &nbsp; &nbsp; &nbsp; &nbsp; &nbsp; &nbsp; &nbsp; &nbsp;</p>\r\n<p>_<strong>WEBSITE:</strong> <a href=\"http://giasu-tam.com/\">http://giasu-tam.com/</a></p>\r\n<p><strong>_FB:</strong>&nbsp;&nbsp;<a href=\"https://www.facebook.com/giasutam\">https://www.facebook.com/giasutam</a>&nbsp; &nbsp;</p>\r\n<p>&nbsp; &nbsp;</p>\r\n<p>&nbsp;</p>\r\n<p>&nbsp;</p>','none.gif','2014-09-16 18:39:49',0,5,'2014-09-29 18:32:20',2,0),(5,'Học phí tham khảo','<p>Học ph&iacute; tham khảo</p>',0,'<p><sub>&nbsp;</sub></p>\r\n<h1 style=\"text-align: center;\"><span style=\"color: #000080;\"><strong>GIA SƯ T&Acirc;M</strong></span></h1>\r\n<h1 style=\"text-align: center;\"><span style=\"color: #000080;\">&nbsp;</span></h1>\r\n<p><span style=\"color: #000000; background-color: #00ccff;\"><strong><em>Nhận dạy k&egrave;m tại nh&agrave; c&aacute;c m&ocirc;n R&egrave;n Chữ Đẹp, Tiếng Việt ,To&aacute;n ,&nbsp;L&iacute;, H&oacute;a, Sinh, Văn , Ngọai Ngữ ..</em>v&agrave;<em> theo y&ecirc;u cầu</em>&nbsp;của qu&yacute; phụ huynh,học sinh <em>từ lớp</em></strong></span></p>\r\n<p><span style=\"background-color: #00ccff;\"><span style=\"color: #000000;\"><strong><em>l&aacute;&nbsp;</em></strong></span><strong><em>đến lớp 12, &ocirc;n thi tốt nghi&ecirc;p, LTĐH c&aacute;c khối A, B, C, D... Dạy cơ bản , n&acirc;ng cao đ&agrave;n, nhạc, vẽ ...</em></strong></span><strong><em>&nbsp; &nbsp; &nbsp;</em></strong></p>\r\n<h4>H&atilde;y li&ecirc;n hệ với ch&uacute;ng t&ocirc;i để được tư vấn miễn ph&iacute; v&agrave; t&igrave;m cho con em m&igrave;nh 1 gia sư giỏi ,tận t&acirc;m &hellip;</h4>\r\n<h4><span style=\"color: #ff0000;\">BẢNG HỌC PH&Iacute; THAM KHẢO:</span> &nbsp; &nbsp; &nbsp; &nbsp; &nbsp; &nbsp;&nbsp;</h4>\r\n<p><strong><span style=\"color: #ff0000;\"><em>Đội ngũ </em></span><em><span style=\"color: #ff0000;\">:</span>&nbsp; <span style=\"background-color: #ffff99;\">&nbsp;</span></em><span style=\"background-color: #ffff99;\">+ <em>Gi&aacute;o vi&ecirc;n Kinh nghiệm</em></span></strong></p>\r\n<p><span style=\"background-color: #ffff99;\"><strong><span style=\"background-color: #ffffff;\">&nbsp; &nbsp; &nbsp; &nbsp; &nbsp; &nbsp; &nbsp; &nbsp; &nbsp;</span>&nbsp;+ <em>Sinh vi&ecirc;n ĐHSP&amp;c&aacute;c trường đại học uy t&iacute;n</em></strong></span></p>\r\n<h4><strong>&nbsp;<span style=\"background-color: #00ccff;\">C&aacute;c em học sinh sẽ được học thử miễn ph&iacute; 1 tuần đầu ti&ecirc;n.</span></strong></h4>\r\n<p>&nbsp;BẢNG HỌC PH&Iacute; GIA SƯ SINH VI&Ecirc;N:</p>\r\n<table>\r\n<tbody>\r\n<tr>\r\n<td width=\"100\">\r\n<p><strong><em>Lớp&nbsp;&nbsp;&nbsp;&nbsp;</em></strong></p>\r\n<p><strong><em>Buổi</em></strong></p>\r\n</td>\r\n<td width=\"94\">\r\n<p><strong><em>&nbsp;</em></strong></p>\r\n<p><strong><em>L&aacute;, 1, 2, 3, 4</em></strong></p>\r\n</td>\r\n<td width=\"94\">\r\n<p><strong><em>&nbsp;</em></strong></p>\r\n<p><strong><em>5, 6, 7, 8</em></strong></p>\r\n</td>\r\n<td width=\"94\">\r\n<p><strong><em>&nbsp;</em></strong></p>\r\n<p><strong><em>9, 10, 11</em></strong></p>\r\n</td>\r\n<td width=\"94\">\r\n<p><strong><em>&nbsp;</em></strong></p>\r\n<p><strong><em>12</em></strong></p>\r\n</td>\r\n<td width=\"94\">\r\n<p><strong><em>&nbsp;</em></strong></p>\r\n<p><strong><em>LT 10</em></strong></p>\r\n</td>\r\n<td width=\"94\">\r\n<p><strong><em>&nbsp;</em></strong></p>\r\n<p><strong><em>LTĐH</em></strong></p>\r\n</td>\r\n<td width=\"94\">\r\n<p><strong><em>TIN HỌC, &Acirc;M NHẠC &hellip;</em></strong></p>\r\n</td>\r\n</tr>\r\n<tr>\r\n<td width=\"100\">\r\n<p><strong><em>1&nbsp; </em></strong><em>buổi/tuần</em></p>\r\n</td>\r\n<td width=\"94\">\r\n<p><strong><em>500.000</em></strong></p>\r\n</td>\r\n<td width=\"94\">\r\n<p><strong><em>600.000</em></strong></p>\r\n</td>\r\n<td width=\"94\">\r\n<p><strong><em>700.000</em></strong></p>\r\n</td>\r\n<td width=\"94\">\r\n<p><strong><em>800.000</em></strong></p>\r\n</td>\r\n<td width=\"94\">\r\n<p><strong><em>750.000</em></strong></p>\r\n</td>\r\n<td width=\"94\">\r\n<p><strong><em>800.000</em></strong></p>\r\n</td>\r\n<td width=\"94\">\r\n<p><strong><em>700.000</em></strong></p>\r\n</td>\r\n</tr>\r\n<tr>\r\n<td width=\"100\">\r\n<p><strong><em>2&nbsp; </em></strong><em>buổi/tuần</em></p>\r\n</td>\r\n<td width=\"94\">\r\n<p><em>900.000</em></p>\r\n</td>\r\n<td width=\"94\">\r\n<p><em>1.100.000</em></p>\r\n</td>\r\n<td width=\"94\">\r\n<p><em>1.300.000</em></p>\r\n</td>\r\n<td width=\"94\">\r\n<p><em>1.500.000</em></p>\r\n</td>\r\n<td width=\"94\">\r\n<p><em>1.400.000</em></p>\r\n</td>\r\n<td width=\"94\">\r\n<p><em>1.500.000</em></p>\r\n</td>\r\n<td width=\"94\">\r\n<p><em>1.300.000</em></p>\r\n</td>\r\n</tr>\r\n<tr>\r\n<td width=\"100\">\r\n<p><strong><em>3&nbsp; </em></strong><em>buổi/tuần</em></p>\r\n</td>\r\n<td width=\"94\">\r\n<p><em>1.300.000</em></p>\r\n</td>\r\n<td width=\"94\">\r\n<p><em>1.550.000</em></p>\r\n</td>\r\n<td width=\"94\">\r\n<p><em>1.800.000</em></p>\r\n</td>\r\n<td width=\"94\">\r\n<p><em>2.100.000</em></p>\r\n</td>\r\n<td width=\"94\">\r\n<p><em>2.000.000</em></p>\r\n</td>\r\n<td width=\"94\">\r\n<p><em>2.100.000</em></p>\r\n</td>\r\n<td width=\"94\">\r\n<p><em>1.800.000</em></p>\r\n</td>\r\n</tr>\r\n</tbody>\r\n</table>\r\n<p>&nbsp;</p>\r\n<p><em>BẢNG HỌC PH&Iacute; GIA SƯ GI&Aacute;O VI&Ecirc;N: &nbsp; &nbsp;</em></p>\r\n<table>\r\n<tbody>\r\n<tr>\r\n<td width=\"100\">\r\n<p><strong><em>Lớp&nbsp;&nbsp;&nbsp;&nbsp;</em></strong></p>\r\n<p><strong><em>Buổi</em></strong></p>\r\n</td>\r\n<td width=\"94\">\r\n<p><strong><em>&nbsp;</em></strong></p>\r\n<p><strong><em>L&aacute;, 1, 2, 3, 4</em></strong></p>\r\n</td>\r\n<td width=\"94\">\r\n<p><strong><em>&nbsp;</em></strong></p>\r\n<p><strong><em>5, 6, 7, 8</em></strong></p>\r\n</td>\r\n<td width=\"94\">\r\n<p><strong><em>&nbsp;</em></strong></p>\r\n<p><strong><em>9, 10, 11</em></strong></p>\r\n</td>\r\n<td width=\"94\">\r\n<p><strong><em>&nbsp;</em></strong></p>\r\n<p><strong><em>12</em></strong></p>\r\n</td>\r\n<td width=\"94\">\r\n<p><strong><em>&nbsp;</em></strong></p>\r\n<p><strong><em>LT 10</em></strong></p>\r\n</td>\r\n<td width=\"94\">\r\n<p><strong><em>&nbsp;</em></strong></p>\r\n<p><strong><em>LTĐH</em></strong></p>\r\n</td>\r\n<td width=\"94\">\r\n<p><strong><em>TIN HỌC, &Acirc;M NHẠC &hellip;</em></strong></p>\r\n</td>\r\n</tr>\r\n<tr>\r\n<td width=\"100\">\r\n<p><strong><em>1&nbsp; </em></strong><em>buổi/tuần</em></p>\r\n</td>\r\n<td width=\"94\">\r\n<p><strong><em>500.000</em></strong></p>\r\n</td>\r\n<td width=\"94\">\r\n<p><strong><em>600.000</em></strong></p>\r\n</td>\r\n<td width=\"94\">\r\n<p><strong><em>700.000</em></strong></p>\r\n</td>\r\n<td width=\"94\">\r\n<p><strong><em>800.000</em></strong></p>\r\n</td>\r\n<td width=\"94\">\r\n<p><strong><em>750.000</em></strong></p>\r\n</td>\r\n<td width=\"94\">\r\n<p><strong><em>800.000</em></strong></p>\r\n</td>\r\n<td width=\"94\">\r\n<p><strong><em>700.000</em></strong></p>\r\n</td>\r\n</tr>\r\n<tr>\r\n<td width=\"100\">\r\n<p><strong><em>2&nbsp; </em></strong><em>buổi/tuần</em></p>\r\n</td>\r\n<td width=\"94\">\r\n<p><em>900.000</em></p>\r\n</td>\r\n<td width=\"94\">\r\n<p><em>1.100.000</em></p>\r\n</td>\r\n<td width=\"94\">\r\n<p><em>1.300.000</em></p>\r\n</td>\r\n<td width=\"94\">\r\n<p><em>1.500.000</em></p>\r\n</td>\r\n<td width=\"94\">\r\n<p><em>1.400.000</em></p>\r\n</td>\r\n<td width=\"94\">\r\n<p><em>1.500.000</em></p>\r\n</td>\r\n<td width=\"94\">\r\n<p><em>1.300.000</em></p>\r\n</td>\r\n</tr>\r\n<tr>\r\n<td width=\"100\">\r\n<p><strong><em>3&nbsp; </em></strong><em>buổi/tuần</em></p>\r\n</td>\r\n<td width=\"94\">\r\n<p><em>1.300.000</em></p>\r\n</td>\r\n<td width=\"94\">\r\n<p><em>1.550.000</em></p>\r\n</td>\r\n<td width=\"94\">\r\n<p><em>1.800.000</em></p>\r\n</td>\r\n<td width=\"94\">\r\n<p><em>2.100.000</em></p>\r\n</td>\r\n<td width=\"94\">\r\n<p><em>2.000.000</em></p>\r\n</td>\r\n<td width=\"94\">\r\n<p><em>2.100.000</em></p>\r\n</td>\r\n<td width=\"94\">\r\n<p><em>1.800.000</em></p>\r\n</td>\r\n</tr>\r\n</tbody>\r\n</table>\r\n<p><em>&nbsp; &nbsp; &nbsp; &nbsp; &nbsp; &nbsp; * HOC PH&Iacute; SẼ TĂNG HOẶC GIẢM T&Ugrave;Y V&Agrave;O SỐ LƯỢNG HS, M&Ocirc;N HỌC, Y&Ecirc;U CẦU CỦA PHỤ HUYNH. </em></p>\r\n<p><em>&nbsp; &nbsp;</em></p>\r\n<p><em>&nbsp; &nbsp; &nbsp; &nbsp; &nbsp; &nbsp; &nbsp; &nbsp;&nbsp;</em><strong>&nbsp;V&igrave; sự th&agrave;nh đạt ng&agrave;y mai, qu&yacute; phụ huynh h&atilde;y đầu tư cho con em m&igrave;nh ngay từ h&ocirc;m nay !</strong>&nbsp;</p>\r\n<p>&nbsp; &nbsp; &nbsp; &nbsp; &nbsp; &nbsp; &nbsp; &nbsp; &nbsp;</p>\r\n<p><strong>_ĐC : 157 L&acirc;m VănBền, P.B&igrave;nhThuận, quận7, TP.HCM</strong></p>\r\n<p><strong>_SĐT : 0919176446 ( C&ocirc; Nhung ) 0909361963 ( Thầy T&acirc;m )</strong></p>\r\n<p><strong>_EMAIL: lienhe@giasu-tam.com</strong></p>\r\n<p><strong>_WEBSITE :</strong> <a href=\"http://giasu-tam.com/\">http://giasu-tam.com/</a></p>\r\n<p>_FB : <a href=\"https://www.facebook.com/giasutam\">https://www.facebook.com/giasutam</a></p>','none.gif','2014-09-16 18:41:27',0,5,'2014-10-04 13:15:58',2,0),(6,'Đăng ký tìm gia sư','<p>Đăng k&yacute; t&igrave;m gia sư</p>',0,'<p>&nbsp;</p>\r\n<h2>H&atilde;y li&ecirc;n hệ với ch&uacute;ng t&ocirc;i để được tư vấn miễn ph&iacute; v&agrave; t&igrave;m cho con em m&igrave;nh 1 gia sư giỏi ,tận t&acirc;m &hellip;</h2>\r\n<p><strong>xin cảm ơn !</strong></p>\r\n<p><strong>ĐC: 157 L&acirc;m Văn Bền, P.B&igrave;nhThuận, Quận 7, TP.HCM</strong></p>\r\n<p><strong>_ĐT: 0919.17.6446 (C&ocirc; Nhung) &ndash; 0909.36.1963 (Thầy T&acirc;m)</strong></p>\r\n<p><strong>_EMAIL:lienhe@giasu-tam.co</strong>&nbsp; &nbsp; &nbsp; &nbsp; &nbsp; &nbsp; &nbsp; &nbsp; &nbsp; &nbsp; &nbsp; &nbsp; &nbsp; &nbsp; &nbsp; &nbsp; &nbsp; &nbsp; &nbsp; &nbsp; &nbsp; &nbsp; &nbsp; &nbsp; &nbsp; &nbsp; &nbsp; &nbsp; &nbsp; &nbsp; &nbsp; &nbsp; &nbsp; &nbsp; &nbsp; &nbsp; &nbsp; &nbsp; &nbsp; &nbsp; &nbsp; &nbsp; &nbsp; &nbsp; &nbsp; &nbsp; &nbsp; &nbsp; &nbsp; &nbsp; &nbsp; &nbsp; &nbsp; &nbsp; &nbsp; &nbsp; &nbsp; &nbsp; &nbsp; &nbsp; &nbsp; &nbsp; &nbsp; &nbsp; &nbsp; &nbsp; &nbsp; &nbsp; &nbsp; &nbsp; &nbsp; &nbsp; &nbsp; &nbsp; &nbsp; &nbsp; &nbsp; &nbsp; &nbsp; &nbsp; &nbsp; &nbsp; &nbsp; &nbsp; &nbsp; &nbsp; &nbsp; &nbsp; &nbsp; &nbsp; &nbsp; &nbsp; &nbsp; &nbsp; &nbsp; &nbsp;</p>\r\n<p>_<strong>WEBSITE:</strong> <a href=\"http://giasu-tam.com/\">http://giasu-tam.com/</a></p>\r\n<p><strong>_FB:</strong>&nbsp;&nbsp;<a href=\"https://www.facebook.com/giasutam\">https://www.facebook.com/giasutam</a>&nbsp; &nbsp; &nbsp; &nbsp;</p>\r\n<p>&nbsp;</p>','download-icons-free.jpg','2014-09-16 18:42:55',0,5,'2014-10-09 13:47:54',1,1),(7,'Ý kiến phụ huynh','<p>&Yacute; kiến phụ huynh</p>',0,'<h1 style=\"text-align: center;\"><span style=\"color: #000080;\"><strong>GIA SƯ T&Acirc;M</strong></span></h1>\r\n<p>&nbsp;</p>\r\n<p><span style=\"color: #ff0000;\"><strong>Mọi thắc mắc xin qu&yacute; Phụ Huynh LH để được hỗ trợ v&agrave; tư vấn trực tiếp :</strong></span></p>\r\n<p><strong>_ĐC : 157 L&acirc;m VănBền, P.B&igrave;nhThuận, quận7, TP.HCM</strong></p>\r\n<p><strong>_SĐT : 0919176446 ( C&ocirc; Nhung ) 0909361963 ( Thầy T&acirc;m )</strong></p>\r\n<p><strong>_EMAIL: lienhe@giasu-tam.com</strong></p>\r\n<p><strong>_WEBSITE :</strong> <a href=\"http://giasu-tam.com/\">http://giasu-tam.com/</a></p>\r\n<p><strong>_FB :</strong> <a href=\"https://www.facebook.com/giasutam\">https://www.facebook.com/giasutam</a></p>\r\n<p>&nbsp;</p>','none.gif','2014-09-16 18:43:42',0,5,'2014-10-04 13:13:26',2,0),(8,'Ý kiến gia sư','<p>&Yacute; kiến gia sư</p>',0,'<h1 style=\"text-align: center;\"><span style=\"color: #000080;\"><strong>GIA SƯ T&Acirc;M</strong></span></h1>\r\n<p>&nbsp;</p>\r\n<p><span style=\"color: #ff0000;\"><strong>Mọi thắc mắc xin qu&yacute; gia sư &nbsp;LH để được hỗ trợ v&agrave; tư vấn trực tiếp :</strong></span></p>\r\n<p><strong>_ĐC : 157 L&acirc;m VănBền, P.B&igrave;nhThuận, quận7, TP.HCM</strong></p>\r\n<p><strong>_SĐT : 0919176446 ( C&ocirc; Nhung ) 0909361963 ( Thầy T&acirc;m )</strong></p>\r\n<p><strong>_EMAIL: lienhe@giasu-tam.com</strong></p>\r\n<p><strong>_WEBSITE :</strong> <a href=\"http://giasu-tam.com/\">http://giasu-tam.com/</a></p>\r\n<p><strong>_FB :</strong> <a href=\"https://www.facebook.com/giasutam\">https://www.facebook.com/giasutam</a></p>\r\n<p>&nbsp;</p>','none.gif','2014-09-16 18:45:25',0,5,'2014-10-04 13:13:50',2,0),(9,'Nội quy nhận lớp','<p>Nội quy nhận lớp cho gia sư .</p>',0,'<p style=\"text-align: left;\">&nbsp;&nbsp;</p>\r\n<p style=\"text-align: left;\">&nbsp;</p>\r\n<h1 style=\"text-align: center;\">&nbsp;<span style=\"color: #0000ff;\">GIA SƯ T&Acirc;M</span></h1>\r\n<p>&nbsp;</p>\r\n<h1 style=\"text-align: center;\">&nbsp;&nbsp;&nbsp;<span style=\"background-color: #ffffff;\">&nbsp;<span style=\"color: #ff0000;\"><strong> NỘI QUY NHẬN LỚP DẠY</strong></span></span></h1>\r\n<p style=\"text-align: left;\"><span style=\"color: #3366ff;\"><strong>I &ndash; GIẤY TỜ MANG THEO</strong></span></p>\r\n<p style=\"text-align: left;\"><strong>1</strong> &ndash; Đối với sinh vi&ecirc;n <span style=\"background-color: #ffff99;\">( thẻ SV + CMND )</span></p>\r\n<p style=\"text-align: left;\"><strong>2</strong> &ndash; Đối với Gi&aacute;o vi&ecirc;n <span style=\"background-color: #ffff99;\">( thẻ GV,bằng cấp, CMND)</span></p>\r\n<p style=\"text-align: left;\">&nbsp;</p>\r\n<p style=\"text-align: left;\"><span style=\"color: #3366ff;\"><strong>II &ndash; QUY TR&Igrave;NH NHẬN LỚP</strong></span></p>\r\n<p style=\"text-align: left;\"><strong>1</strong>&nbsp;&ndash; Để lựa chọn lớp dạy ph&ugrave; hợp qu&yacute; thầy c&ocirc; gi&aacute;o, c&aacute;c bạn sinh vi&ecirc;n c&oacute; thể truy cập v&agrave;o :</p>\r\n<p style=\"text-align: left;\">&nbsp;&nbsp;&nbsp;&nbsp;&nbsp;&nbsp; +WEBSITE: <a href=\"\\&quot;\\\\&quot;\\\\\\\\&quot;\\\\\\\\\\\\\\\\&quot;http:/giasu-tam.com/\\\\\\\\\\\\\\\\&quot;\\\\\\\\&quot;\\\\&quot;\\&quot;\">http://giasu-tam.com/</a></p>\r\n<p style=\"text-align: left;\">&nbsp;&nbsp;&nbsp;&nbsp;&nbsp;&nbsp; +FB:&nbsp;<a href=\"\\&quot;https://www.facebook.com/giasutam\\&quot;\">https://www.facebook.com/giasutam</a></p>\r\n<p style=\"text-align: left;\">&nbsp;&nbsp;&nbsp;&nbsp;&nbsp;&nbsp; + Đến trung t&acirc;m 157 L&acirc;m Văn Bền,P.B&igrave;nh Thuận,q7 để chọn lớp</p>\r\n<p style=\"text-align: left;\">&nbsp;&nbsp;&nbsp; &nbsp;<span style=\"color: #ff0000;\"><strong>Gia sư chỉ nhận lớp thật sự ph&ugrave; hợp với khả năng giảng dạy của m&igrave;nh.</strong></span></p>\r\n<p style=\"text-align: left;\"><strong>2&nbsp;</strong>&ndash; Sau khi lựa chon lớp dạy muốn nhận, Gia sư đ&oacute;ng ph&iacute; nhận lớp cho TTGS (<span style=\"color: #ff0000;\"><strong>30% lương của th&aacute;ng đầu ti&ecirc;n, chỉ thu 1 lần duy nhất</strong></span>) ,ch&uacute;ng t&ocirc;i sẽ viết thư mời v&agrave; giao lớp để Gia sư tr&igrave;nh đến Phụ huynh. Trong thư mời c&oacute; c&aacute;c nội dung sau: t&ecirc;n Phụ huynh, địa chỉ, điện thoại, m&ocirc;n học, buổi/tuần, học ph&iacute;/th&aacute;ng.</p>\r\n<p style=\"text-align: left;\"><strong>3&nbsp;</strong> &ndash; Sau khi nhận thư mời ở TTGS ch&uacute;ng t&ocirc;i, Gia sư đến gặp Phụ huynh theo thời gian sắp xếp của trung t&acirc;m với Phụ huynh, tr&igrave;nh thư giới thiệu cho Phụ huynh để nhận lớp.</p>\r\n<p style=\"text-align: left;\"><strong>4</strong> &ndash; Sau khi Gia sư rời nh&agrave; Phụ huynh, d&ugrave; Phụ huynh c&oacute; chấp nhận dạy hay kh&ocirc;ng th&igrave; Gia sư cũng điện thoại b&aacute;o ngay cho TTGS ch&uacute;ng t&ocirc;i để x&aacute;c nhận theo số điện thoại <strong>0909.36.1963(Thầy T&acirc;m) &ndash; 0919.17.6446(C&ocirc; Nhung)</strong></p>\r\n<p style=\"text-align: left;\"><strong>&nbsp;</strong></p>\r\n<p style=\"text-align: left;\"><span style=\"color: #3366ff;\"><strong>III &ndash; C&Aacute;CH THANH TO&Aacute;N PH&Iacute;</strong></span></p>\r\n<p style=\"text-align: left;\"><span style=\"background-color: #ffff99;\">+Thanh to&aacute;n trực tiếp:</span> Đến trung t&acirc;m 157 L&acirc;m Văn Bền,P.B&igrave;nh Thuận,q7</p>\r\n<p style=\"text-align: left;\"><span style=\"background-color: #ffff99;\">+Thanh to&aacute;n chuyển khoản&nbsp;:</span></p>\r\n<p style=\"text-align: left;\">C&aacute;c bạn ở xa Trung T&acirc;m Gia Sư c&oacute; thể nhận lớp bằng c&aacute;ch chuyển khoản kh&ocirc;ng cần đến trực tiếp trung t&acirc;m.</p>\r\n<ul style=\"text-align: left;\">\r\n<li><span style=\"color: #008000;\"><img src=\"https://encrypted-tbn3.gstatic.com/images?q=tbn:ANd9GcTkridLGzeQkDgWDKdzuIUajOqDGzUXjziOgobrn-QDR0U8y2FmXQ\" alt=\"http://www.google.com.vn/imgres?imgurl=http%3A%2F%2Fmedia.doisongphapluat.com%2F144%2F2013%2F8%2F29%2FLogo_Thongcao07.jpg&amp;imgrefurl=http%3A%2F%2Fwww.doisongphapluat.com%2Fcan-biet%2Ftruyen-thong-thuong-hieu%2Fy-nghia-1ogo-cua-cac-ngan-hang-viet-a118.html&amp;h=373&amp;w=550&amp;tbnid=wZwz2x4og1huNM%3A&amp;zoom=1&amp;docid=WSzpGML3k83gDM&amp;ei=rcsrVO3FM4aP8QWc5IGwDg&amp;tbm=isch&amp;ved=0CEIQMyggMCA&amp;iact=rc&amp;uact=3&amp;dur=291&amp;page=3&amp;start=28&amp;ndsp=14\" width=\"131\" height=\"89\" />&nbsp; &nbsp; &nbsp; &nbsp;Argibank</span>, chi nh&aacute;nh Nam S&agrave;i G&ograve;n, chủ t&agrave;i khoản <strong>L&ecirc; H&ugrave;ng T&acirc;m</strong>, số t&agrave;i khoản <strong>6160.215.002.164.</strong></li>\r\n</ul>\r\n<ul style=\"text-align: left;\">\r\n<li><span style=\"color: #008000;\"><img src=\"data:image/jpeg;base64,/9j/4AAQSkZJRgABAQAAAQABAAD/2wCEAAkGBxQREBUUEhIWFhUWGBgaGRYVGBgXFhoaGBgXFxcYFhYZHSggGCAlHRQXIjEhJSkrLi4uFyAzODMtNyguLisBCgoKDg0OGxAQGywmHyQsLC0sLCwsLCwsLDQsLCwsLCwsLCwsLCwsLCwsLywsLCwsLCwsLCwsLCwsLCwsLCwsLP/AABEIAIQBGAMBEQACEQEDEQH/xAAcAAEAAgMBAQEAAAAAAAAAAAAABgcEBQgDAgH/xABJEAABAwIDBAYECwQHCQAAAAABAAIDBBEFEiEGBzFBEyJRYXGBFDKRsSM1QlJicoKhssHRM3OSswgXJnSDwuEVFiRDVGOTosP/xAAaAQEAAwEBAQAAAAAAAAAAAAAAAwQFAQIG/8QAMREBAAIBAgMFBgcBAQEAAAAAAAECAwQREiExBRMiQVEyM2FxgZEUFUKh0eHwscEj/9oADAMBAAIRAxEAPwC8UBAQEGLX4hHAzNK8NHfzPYBzUWTNTHG952SY8V8k7Ujd5UGMQTm0crXH5t7O9h1XnHqMWTlW0S9ZNPlx87VZ6nQiAgICAgICAgICAgICAgICAgICAgICAgICAgICAgIPiWUNBLjYDmvNrxWN56O1rNp2hp5cTdI7LGCAeHzj+izr6q2S3Dj/ALXa6etI4ro7i2zdXM/O7oyB6rA86DxI1J7VUzdn57zvy+S7h1unxxw8/nt/aP1FA+JwEjCx3K/vaRx8ll5cd8VtrxtLRx5K5K70neEpwDaZzSGVBu3lIeI+t2jvWno+05ieDN09f5/lm6rs+LeLF19P4TMFb7FfqAgICAgICAgICAgICAgICAgICAgICAgICAgICD4mlDGlzjYDUlebWisTM9Ha1m07R1RGvxEzOvwaPVb+Z71h5tROa2/l5Q2MWCMUbefmxDjno7iGRhzyOLjZrR4DUlQxrIwTO0bz+0JfwnfRznaP+vF209SfltHg39SvE9qaiem32e47P08eU/d6naJ725Z42SsPEeqfEHXVevzHJevDlrFo+zz+BpSeLFaYn7tbLE2/UJLTwzDrDuPb4qnalInw9Pj1+S1W1pjxdfgkuymJkfAvOnyD72/otfs3Uz7m30/j+GXr9PHva/X+UqW0yhAQEBAQEBAQEBAQEBAQEBAQEBAQEBAQEBAQEEU2oxHM/omnRuru88h5cfNYvaGo4r91HSOrW0GDaveT59GlElln8W0L227bU2yBcS6aS19crOXi4/oruPsibTxZbfSP5Ur9pxWOHHX6yzv90YO2T+L/AEVj8owes/dD+Z5vSPswqrZJw1ikv3PFj/EP0UGTsm0c8dt/n/KbH2lE8r1+zTTUro3ZXtLT2H8u1ULYrY54bRtK9XJW8b1nd+sBFiDYjUHsI4JET1jqTMTylPMOqulja/tGo7DzX0uDL3uOLPn82Pu7zVlKZEICAgICAgICAgICAgICAgICAgICAgICAgIPGsqBHG554NBPsUeW8Y6TafJ7x0m9orHmrQTFxudXONz4lfIxebTvPWX081isbR0h959F64uTmyzl9g+WEBBq9pA30aRxAJa0kX5Hkqutivc2mfKFnSTPfViPOUNoJxI244jiOz/RYFJ4o3bV4ms7JRsvJ67PBw89D7gtbs63tU+rL11elvo3y01AQEBAQEBAQEBAQEBAQEBAQEBAQEBAQEBAQaDbWoyUpHz3BvvP5LO7Uvw4Jj15L3Z1d88T6c0Y2Wj6SpaOwOP3WHvWN2dTj1ERPlEy1ddbgwzPya5oNsp4i4PiNCqfOI4Z+S11nij5rLwirEsDH9rRfxGh+9fX6bLGXFW3wfMZ8fd5JqzFOhEER27xIBggbxdq/uA4DzPuWN2tqIiIwx1nnPya3ZmCZnvZ8ujSbGUPTTy9jY+P0nHq/hKq9n4O9m0fBa1+Xu6V+MpPgjS2ax0NiCPBXdHvXLtKjqpice6RLWZogICAgICAgICAg/LoP1AQEBAQEBAQVZvQ28lp5vRaRwY4AGSXQuF+DGg6DTUk9oV7S6eLRxWU9RqJp4YQjAtuKqGqikmqpXxB46RrnXBYdHG3de/krWTT0msxEc1bHqLcXN0S03FxqCsdqv1AQEEb29hLqTMP+W4OPhYg/iWd2lj48Pyndf7OvFc23rGyKbH1YZWR3+VdvmRp7llaC0U1Eb+e8NTXUm2C3w5thtfhxhm6UDqSHX6L+YPjx9q9dp6WceTvK9Lf9R9n54yY+Cesf8feymNiFxjkNo3m4J4Nd39x/JOzdZGG3d36T+0/25r9LOWvHTrH7x/Sdgr6RgtFje0TYgWx2fJ/6t7yefgs3V9o1xRw052/aF/TaG2TxX5V/wCoFUvc5xJJc5x8S4nsH5L5yZte2885lvREVrtHKITTDmMwyjL5iM7us4DiXW6rG9thp7V9JgrXR4d79Z/2zCzTbWZtqdI/27D2ExJ1Q6R0nrtc4nwfq0DuFiPJQ6K85Ms2nrzS6/HGOsVr0/hMitdlOecS3j18sjnsqDEwk5WMDbNbfqgkgkm1rla9dLjiNphl31N5nk3vQbR9svtgUW+l/wBul21DExDH8coQHVDpGtv6z2RvZfsJbw8yvVcenycqvM5M1OcpTsPvP9JmbT1bGse/RkjCcjncmuafVJ5akFQZ9JwRxVTYdTF52lMdrtomYfTOnkGY3ysYDYveb2aDy4E37AVWxY5yW4YWMl4pG8qXq9uMSrZQyORzS82bFTix8M3E+NwtONPixxvLPnUZLztVtm7LY8W5unlH0TUnN7OH3qLvdP6fsk7rN6tOdqcVoJjHLNIHixLJwHgjkQeYPaCpe5w5I3iPsinNlxztZbuwW17cSgc7KGSxkCRgNwL3yuaebTY+wjks/PhnHbbyX8WWMkbqkxTeLXyTPcyoMTMzg1jWtsGgkC5IJJsFoV0uOI5xuz76q+/JPd1O2j6sPp6l+advWY82BkZzFhzb7iOxVNVginir0W9Nm442nqsVU1pSG0u19bHi0kLKlzYhURtDAGWDSWXF7X5laePBjnFxTHPZQvmtGXhWJvA2ybhsTcrQ+aW/RsJsLNtme49guPG6p4ME5J+CzmyxjjdU8W0uLYhNkhmkLzc5IbRtA7SeQ8StCcWHHG8wpRly5J8LbTbNY8xubppXfRbUEu9h0UcZdPM7bfsknFm9f992swjeLX0klpXuma02fFMMr9OIDrXa7xuvd9LjvHLkjrqb1nay9cIxJlTBHNEbskaHDt15HsIWXas1naWjW0WjeHvV1DY43PebNY0ucewNFz7lyI3nZ2Z2jdzngcL8UxVhfxml6SQcbMacxb4ZQGrYyTGLF8mXSO9y833vEwYUuIzRgWY/4RgGgyv4geBBCabJxY4l51FOC/Jb+67GvSsOjzG74vgn9vVAynzbZZ2px8GT5tHBfiol6rphAQfEsYc0tcAQRYg8CDyXJiJjaXYmYneERxHYqIHNDnZbUZDexHAgFZGfs6KzxY92pi7RvPK+0thLiWaPJLGJARZ2tr9+Wxsvc6zirw3ruirptrcVLbItJhTA42c4N5NNiR3ZufsWTfT03nbo1a57bc+r3E72x9GJHZOy/wB1+zuXvvL1pwRadnngpN+OYjdgSBVZ5QnhkUmJsp+tHFnl+fIdG/UYPeSp8Gopg50rvb1ny+UIcuC+ble21fSPP5zLR4tXPmfnlcXO4Duvya0cFy+a+W2953lNjxVx14aRtH+6ym+wWAPpw+WXqulDQGfNaLm7u834cluaHT2xxNrdZ8mNr9TXJMUr0jzS9aDOckH1F9D5sP8AU62C+ebjyq6Vksbo5GhzHgtcDwIIsV2JmJ3hyY3jaXKlVE6IvZc5o3Obm4HNG4gHuN23W9E8URPqxvZyLL3z1xlZh/Y+N8hHK7hFb2XPtVLR12my1q53rD03F0IdNUzEXLGxsb3ZsznW/haua63KId0VesrhWcvqz35UDXU0E9uvHJkv9CRpuP4mt+9XdDbxTCnrK703RvcnMW4jI3k+E3+y5pH4j7VNrY8EItFPOYRXZzCPTKzoM2UvMtncesMxbfuuNVYyZOCnEgpj477Sw4JZqWoDheOeF/A/Jc3Qg9o5d4K9TFb128peYm2K7pDZbHWV1KyePTMLObxLHj1mnw91li5cc47TWWvjvF67wova748l/vUXvjWri9z9JZ2T3zab55y7Ew3kyFgH2i4n8l40Uf8Az3+LutnxbJhuQw8MopJrdaWQi/PLH1Wj2lx81W1tt77eixpK7U3WMqa2qTefsXU1FaJqWDOHxjOQWt6zTYcTrcW9i0NLnrWm1pUdTgm9t6wmO7PDZqbD2RVDMj2vf1bg6FxI1Hiq2ptW2TeqxgrNabS1u+PGegoOiB69Q7IPqDrSH3D7QXvR04r7+jzqb8NPm0O4zB9Z6pw00ij8utIfvYPslTa2/SqLR02jiZ2+/B89PFVNGsLi131JLe5wHtK8aK+1pr6vWrpvXdGdzOL9DXOhJ6tQ2w+vHct9oLlPrKb04vRBo77TwrzWW0hAQEBBi1VCyT1m69o0PtUOTBTJ1hJTNenSWpqNnT8iTycPzH6Kjfs6f02+65TXR+qv2a6XZ2fkGH7X6hVbdn5/Lb7rNddh+P2Y52YqDyYPF36BRflmon0+/wDST8wwR6/Z7RbFOd+0mAHYxtz/ABO4exS4+x7b+O/2hHftWv6K/dvsL2fgpzdjLu+e7rO8jy8lq4NJiw+zHP1Z2bV5c3K08vRtVZVxByQfUX0Pmw/1utgvnm4/UHLe0p/4urtw6ef+Y5bmP2I+UMbL736pjvV/Z4Z/dv8ALEq+l63+axqvZr8m+3D/ALOr/eR/gKh13WPql0fs/wC+K1VRXEB31fFn+NH+ataP3itqvdoPuY+Mz+5k/ExW9Z7tW0XtS127T44h+vL7nr1qfdS86f3qX75NlbgV0Q4DLOBzHyZPLge4jsVfR5tvBP0WNVh4o4o6onu22p9AqrSG0E1myXOjTwbJ3WvY9x7lY1OHvK8usK+mzcM8M9HjteLY5L/eYvfGmL3P0kye+Z2+D42f+6i/zLmj92az21jbnvimP68v8wqlq/ez9F3Te7hjb0qzEIzTf7P6XXpek6Jgfw6LJmuDbi+3mu6auKd+NzPN4iOBXdftZi8BAnnmiLhcB8bGkgaEi7VdrhwW9mFO+fNTqtTddik1Vh7ZJ5DI8ySDMQBoHWA0ACoamlaZNqr2C02pvKst7uL9PiJYD1adojH1j1n/AOUfZV3SU4ab+qlq7724XnhpxqmjEUEdTGxt7NETbC5ueLb8Su2/D2nedna9/WNofdbPjk0bopWVL2PFnNMTbEHlo1ciNPWd42dmc8xtKJRSyU8zXgFssLwQHCxDmG9nDxGqszEWjbylUrvS3N0/hVc2ohjmZ6sjWuHmL28uCwrVmszEtus7xuy1x0QEBAQEBAQEBAQEHJB9RfQ+bD/W62C+ebjAxzGYqOF0szw1rQTbm48mtHMleqUm87Q82tFY3lzAWPmdYC8szrADm+R3D2uW7yrHwhjx4si099WFFkFE9ouyLNC4/WazJ/Ld7QqGjvva0eq5q6Tww125bGWQVM0Ejg3pwwsJ0BezMMviQ77l71tJtWLR5PGjvETMLsWY0VUb78aYWQ0jSC/P0j7H1QAQ0HvJcT9nvV/RY53mylrLxw8LWbjqIurJ5bdWOINv9KR17exn3he9baOGIeNFWectHu0+OIfry+56l1PupR6f3joSWIOaWuALXAgg8CDoQVkNSXOO3OzJw6qMXGJ4LonHmy+rT2ltwPMHmtrBm7yu/myNRimlt4aqlmc+pic9xc4yxXJNzo5oFz4AL3aNqzEeko8czN95TbfZRlmIRyEdWWKwPfGesPY9qq6K3gmFrW157t/uRxphhkpHOAka8vYD8pjuOXtIIN/rBRa3HPFFkukvvXhWgqK4pXffUsfWQNa9riyN4cAblpLhYO7OC09FExWWfrJhI92mItpcCfO/hGZneNibDzNh5qDU14s20fBPp52xbq93eYa6txOIy9azjPKe0g5tfF5Cuai3Bjnb5KmCOPLu6JWO1BBQ++HCOgxDpALNqG5/tss1/vYfNaujvxU29GbrKbTxJhuTxrpKaSmcetA4FvfHJcj2ODh4Fqra3Htbi9VjSX3psl2L7SRwPyZXOI9Yiwa3TNYuPPKC6w4AXNlTWmfheIsqGZmXFjZzXaOadDZw8CD3ggjigzEBAQEBAQEBAQCgouPdDXAW6SD2u/Rak62npLOnSWnmyP6rcS/6pv8A5ZV5/F4vR6/D5PV+M3Q1j3XkqYvrEySHyuu/jaR0g/C2nrKcbG7uoKB4lc4zTDg9wDWtvocjNbHvJJVXNqbZI26QsYtPWnPzSrFMOjqYXwzMDo3ixB947D3qvW01neE1qxMbSqHGNz87XH0aZkjOTZbsePFwuHeNgtGmtrPtQo30k9avJuxONtbkE7gzsFS6yd/p+u37Hc5um78w7dDVvd8PNHECbktvK89vYL95K7bW0iPDDkaS0z4pW3s7gUNDAIYG2aNSTq5zjxc48zos/JktktvK7SkVjaFd7H7uaqkr46iR8RY1zyQ0uzdYOAtcd6uZtVW9JrCti080vuthUFxHtuNmW4hSui0EjetE8/JeO3uPAqXDlnHbdHlxxeu0qzpN09a2SNxkgs17HHV3BrgTbTuV62spMTHNTppJi261tptnoa+Awzg2vdrho5juTmnkdVn48lsc7wu3pF42lU1fujrI3fAyxSgG4cSYnjs7bHwK0K62kx4o/wDVKdJaJ8Mvt+xuOPbkdO8t7DUut581yM+nid9v2d7nN03fWFbnahx+HnjibzEYMjj5mwHjqltdWPZgro5n2pS3aLYh/wDs1lDQFrWZ80jpXEuIHW4gc3W7tFXx547zjusXxeDhqbs9iZcOfPJO5jnSBjW5L6NbmLr37SW/wpqc8ZNoh50+Hu990+VVZEES3j7KuxGmYyItbLG8OaXcLEZXg27QfaAp9Pm7u289EObHx12RnYbYOtoK1sznwmMhzJA0uuWnUW01IICnz6imSmyHBgtjlJMf2adLI8hpfHI5z7Nf0cjZDGIicx0c0tA08eIKorjdbP4a6Fr3SFvSSvD3hgsxpDGRhrO4Njb96DaoCAgICAgICAg1G0O0UVE0OmbKWkOOaOGSVrQ21y8saQzjztwPYgjtJvXw2Z2SKSaR1r5WU8znW7bBt0GT/WXh7ZOjllfC617VEUsOnb12hBLYZWvaHNcHNIuHNIIIPAgjig+0BAQEBB4VtSIo3SODiGgkhjS95tyaxoJce4IIPhe9KCpxCOihp5sznODnyjosuVpd6hu4nlY5eKCfoCAgICAgICAgICAgICAgICAgICAgICAgIKI/o2/tas/9uH8Un6LjsrO3l4VFU4ZUCVoOSNz2OPFrmi4LTy4LriHf0da2V9FOx1zFHK3ozyBc3M9g7gcpt9JBatVUsiYXyPaxg4ueQ1o8SdEGtwfaijq3FlNVRSuGpaxwJt225oNsSgw6PF4JnvjimY98YBeGODsua+XNbhfKfYg1w20w/pei9Ng6S9svSN49l+CDfIKUnH9tG/VH8oo6t2vxingIbNPFGSLgPe1pI4XAJ4I4xqLaejmlEUVVFJIQSGMeHOsOJsEG3QEBAQEBAQEBAQEBAQEBAQEBAQEBAQEHOu4uSra+p9DZA85Is/Tuc2wzSZcuUG/O/kuOylu3RxaSIitgHoViZW4e8GVwGtnGQXy8yAF1xK92WN4fPSiLDhkbEBmidpI3N8p+pzX+dcoNXs7stV1NfUVGMBkrIzlpYtHQgEnM9sZ0BsGi5Fzc9iCE768Oiwyuo6uja2KV2dzms6ovEWFrso4Bwe5p7bILn2gwKCvg6KpjzsPWAuRY2IBBHMXKCj9xmAtrDWxSSPEIEPSRMOUTazBokcOtlFj1Qdc2vYuOylu9Td1RMw2WengZDJAM92Cwc0EZmuHPTnyK64ku6DEn1GD07pCS5uaO5NyRG4sbc+ACCETj+2jfqf8AyKOpRtRh8eN1HorGtNPTuHpFSAC4vGopoX8jzeRwuBxRxM8JwWnpWBlPDHG0C3UaAfM8T5oM9AQEBAQEBAQEBAQEBAQEBAQEBAQEBAQUT/Rs/a1n7uH8UqOyvVHHPm6OH+0E3o4+BZ6Tw9UR9JZg00te1lx1KdnNq6vHquaOCf0OlhAN4wHVD2uc4N6zhZhOUk6G3DXiuuIvv42egomUfQsOaQzmSV7nPlkLRFbPI4lzrXNuxHXQDPVHh+SOKT/o3/tMQ/wPxTo7Kxt6PxNW/uXfkjjUbi/iWL95N/McgheM0DKja7opM2RzBfK5zHfsj8ppBCOsenfPsriJY7NLQVBuD3DmBw6RgIv84W8ji9aKrZNG2SJ4ex4Dmuabgg8CCg90BAQEBAQEBAQEBAQEBAQEBAQEBAQEGmx8VxsKI0zbtN3T9ISHfJLWsFjbXigrbYzdrieFzGWnqqQ5m5XMeJS1wBuL2FwQeY7UEuxLBcUq2GKWtp6aNws70WJ7pHNPEB8jhkuLi4B4oNtsjslTYZD0dMy17Z3u1keRwL3eZ0FgLoK8du1r6CvdUYTPE2OQnqSaBrSbljhYh7QdRaxFvbx1m7cbtqrEKZjpKwTVbHEgOHR04a4WdHG0XLTcNOc3JtyFgOuJBhmFYtBTAGrgnmIDT0rHNjjDWkAsyDNI8k3LnEDQWHEkI9u92AxDCZZHMmpJGy5BIHdKDZhJu0gcbPdx01QSjb/Bq2tgfTUz6eOKVmV7pOkMnHUNDRYCwHeg1+wezmIYbTGnL6SRg6RzD8KHB7jmAdpYtuT3oNHLsDiZxQYj6RRiUEdS0uSwbly8L8DxQTvFsAGIUJp65rMzhqYrkMeL5XxlwuCO/vQQ7YjYzFcLzRx1VNLAXX6OQSi2urmWHUJHEai6Cz0BAQEBAQEBAQEBAQEBAQEBAQEBAQEBAQEBAQEBAQEBAQEBAQEBAQEBAQEBAQEBAQf/2Q==\" alt=\"\" width=\"161\" height=\"76\" /><span style=\"color: #3366ff;\">Đ&ocirc;ng &Aacute;</span></span>, chi nh&aacute;nh quận 4, chủ t&agrave;i khoản <strong>L&ecirc; H&ugrave;ng T&acirc;m</strong>, số t&agrave;i khoản <strong>0102.660.983.</strong></li>\r\n</ul>\r\n<p style=\"text-align: left;\">Sau khi trung t&acirc;m nhận được ph&iacute; chuyển khoản sẽ LH lại cho gia sư ( Khoảng 5-10 ph&uacute;t sau khi c&aacute;c bạn chuyển khoản ), v&agrave; gửi th&ocirc;ng tin lớp học chi tiết, giờ hẹn PH.</p>\r\n<p style=\"text-align: left;\"><span style=\"color: #3366ff;\"><strong>IV &ndash; GIẢI QUYẾT SỰ CỐ</strong></span></p>\r\n<p style=\"text-align: left;\"><strong>1</strong> &ndash; <span style=\"color: #ff0000;\">Trường hợp TTGS ho&agrave;n trả ph&iacute; 100% cho Gia sư nếu kh&ocirc;ng nhận được lớp dạy trong trường hợp sau:</span></p>\r\n<ul style=\"text-align: left;\">\r\n<li>Phụ huynh kh&ocirc;ng chấp nhận gia sư</li>\r\n<li>Phụ huynh thay đổi th&ocirc;ng tin so với hợp đồng ban đầu như: giảm học ph&iacute;, tăng giờ học, tăng số lượng học sinh, tăng số m&ocirc;n học, thay đổi địa điểm học ở nơi xa . . .</li>\r\n</ul>\r\n<p style=\"text-align: left;\">Nếu xảy ra sự cố như tr&ecirc;n Gia sư trở lại Trung t&acirc;m trong v&ograve;ng 24 giờ (kể từ l&uacute;c Gia sư điện thoại b&aacute;o sự cố xảy ra), mang theo thư giới thiệu v&agrave; l&agrave;m cảm kết với trung t&acirc;m. Sau đ&oacute;, ch&uacute;ng t&ocirc;i sẽ x&aacute;c nhận ch&iacute;nh x&aacute;c th&ocirc;ng tin v&agrave; ho&agrave;n ph&iacute; lại cho Gia sư trong thời gian chậm nhất l&agrave; 3 ng&agrave;y.</p>\r\n<p style=\"text-align: left;\"><strong>2</strong> &ndash; <span style=\"color: #ff0000;\">Trường hợp TTGS kh&ocirc;ng ho&agrave;n ph&iacute; cho Gia sư nếu kh&ocirc;ng nhận được lớp dạy</span></p>\r\n<ul style=\"text-align: left;\">\r\n<li>Gia sư nhận lớp dạy vượt qu&aacute; năng lực của m&igrave;nh, kh&ocirc;ng đ&aacute;p ứng được nhu cầu kiến thức cho học sinh.</li>\r\n<li>Gia sư tự &yacute; thay đổi th&ocirc;ng tin so với hợp đồng ban đầu, như: tăng học ph&iacute;, giảm giờ dạy . . .</li>\r\n<li>Gia sư đến gặp Phụ huynh kh&ocirc;ng đ&uacute;ng thời gian quy định m&agrave; kh&ocirc;ng b&aacute;o trước cho trung t&acirc;m.</li>\r\n<li>Gia sư đi dạy học kh&ocirc;ng đ&uacute;ng giờ m&agrave; kh&ocirc;ng b&aacute;o trước cho Phụ huynh.</li>\r\n</ul>\r\n<p style=\"text-align: left;\"><strong>3</strong> &ndash; <span style=\"color: #ff0000;\">Một số trường hợp đặc biệt kh&aacute;c&nbsp; nếu kh&ocirc;ng nhận được lớp dạy, TTGS ch&uacute;ng t&ocirc;i c&oacute; thể thu một phần ph&iacute; học đổi lớp dạy ph&ugrave; hợp cho Gia sư.</span></p>\r\n<p style=\"text-align: left;\"><span style=\"color: #ff0000;\">&nbsp;</span></p>\r\n<p style=\"text-align: left;\">&nbsp;&nbsp;&nbsp;&nbsp;&nbsp;&nbsp;&nbsp;&nbsp;&nbsp;&nbsp;&nbsp;<strong><span style=\"color: #3366ff; background-color: #ffffff;\"> Trung t&acirc;m gia sư ch&uacute;ng t&ocirc;i hoạt động dựa tr&ecirc;n ti&ecirc;u ch&iacute;: sự h&agrave;i l&ograve;ng từ Phụ huynh v&agrave; sự an t&acirc;m từ Gi&aacute;o vi&ecirc;n/Sinh vi&ecirc;n c&oacute; nhu cầu nhận lớp dạy k&egrave;m tại Gia T&acirc;m.</span></strong></p>\r\n<p style=\"text-align: left;\">&nbsp;&nbsp;&nbsp;&nbsp;&nbsp;&nbsp;&nbsp;&nbsp;&nbsp;&nbsp;<strong>&nbsp; <span style=\"color: #3366ff;\">Xin ch&acirc;n th&agrave;nh cảm ơn v&igrave; sự tin tưởng v&agrave; hợp t&aacute;c với ch&uacute;ng t&ocirc;i!</span></strong></p>\r\n<p style=\"text-align: left;\">&nbsp;</p>\r\n<p style=\"text-align: left;\"><strong>_ĐC : 157 L&acirc;m VănBền, P.B&igrave;nhThuận, quận7, TP.HCM</strong></p>\r\n<p style=\"text-align: left;\"><strong>_SĐT : 0919176446 ( C&ocirc; Nhung ) 0909361963 ( Thầy T&acirc;m )</strong></p>\r\n<p style=\"text-align: left;\"><strong>_EMAIL:</strong> <strong>lienhe@giasu-tam.com</strong></p>\r\n<p style=\"text-align: left;\"><strong>_WEBSITE :</strong> <a href=\"http://giasu-tam.com/\">http://giasu-tam.com/</a></p>\r\n<p style=\"text-align: left;\"><strong>_FB :</strong> <a href=\"https://www.facebook.com/giasutam\">https://www.facebook.com/giasutam</a></p>\r\n<p style=\"text-align: left;\">&nbsp;</p>\r\n<p style=\"text-align: left;\">&nbsp;</p>\r\n<p style=\"text-align: left;\">&nbsp;</p>\r\n<p style=\"text-align: left;\">&nbsp; &nbsp;</p>','logo.png','2014-09-16 18:47:33',0,5,'2014-10-01 19:50:34',2,0),(10,'Lớp dạy hiện có','<p>Lớp dạy hiện c&oacute;</p>',0,'<p>C&aacute;c bạn gia sư vui l&ograve;ng truy cập website, facebook để cập nhật lớp hiện c&oacute; thường xuy&ecirc;n hoặc LH trực tiếp trung t&acirc;m</p>\r\n<p>&nbsp;</p>\r\n<p>_ĐC : 157 L&acirc;m VănBền, P.B&igrave;nhThuận, quận7, TP.HCM</p>\r\n<p>_SĐT : 0919176446 ( C&ocirc; Nhung ) 0909361963 ( Thầy T&acirc;m )</p>\r\n<p>_EMAIL: lienhe@giasu-tam.com</p>\r\n<p>_WEBSITE : <a href=\"http://giasu-tam.com/\">http://giasu-tam.com</a></p>\r\n<p>_FB : <a href=\"https://www.facebook.com/giasutam\">https://www.facebook.com/giasutam</a></p>','none.gif','2014-09-16 18:48:21',0,5,'2014-10-12 20:55:38',1,0),(11,'Đăng ký làm gia sư','<p>Đăng k&yacute; l&agrave;m gia sư</p>',0,'<p><em>&shy;&shy;&shy;&shy;&shy;&shy;&shy;&shy;</em></p>\r\n<p><em>&nbsp;</em></p>\r\n<p><em>&nbsp;</em></p>\r\n<h1 style=\"text-align: center;\"><span style=\"color: #3366ff;\"><em>&nbsp;<span style=\"color: #0000ff;\">GIA SƯ T&Acirc;M</span></em></span></h1>\r\n<p>&nbsp;</p>\r\n<p style=\"text-align: center;\">&nbsp;<span style=\"color: #ff0000;\"><strong>TUYỂN GIA SƯ DẠY K&Egrave;M TẠI NH&Agrave;</strong></span></p>\r\n<p>&nbsp; &nbsp; &nbsp; &nbsp; &nbsp; &nbsp; &nbsp; &nbsp; &nbsp; &nbsp; &nbsp; &nbsp; &nbsp;</p>\r\n<p><em>Lời đầu ti&ecirc;n gia sư t&acirc;m xin k&iacute;nh ch&agrave;o c&aacute;c qu&yacute; thầy c&ocirc; gi&aacute;o c&ugrave;ng c&aacute;c bạn sinh vi&ecirc;n!</em></p>\r\n<p><em>Trung t&acirc;m gia sư ch&uacute;ng t&ocirc;i <span style=\"color: #3366ff;\"><strong>TUYỂN DẠY K&Egrave;M TẠI NH&Agrave;</strong></span></em> <em>c&aacute;c m&ocirc;n</em></p>\r\n<p><em>to&aacute;n-l&iacute;-h&oacute;a-sinh-ngoại-ngữ-văn&hellip;theo y&ecirc;u cầu từ lớp 1 -12.</em></p>\r\n<p><em>Đ&ecirc;̉ đáp ứng nhu c&acirc;̀u tìm gia sư ch&acirc;́t lượng cao cho các b&acirc;̣c phụ huynh và học sinh, TTGS T&acirc;m rất mong được hợp t&aacute;c với:</em></p>\r\n<p><span style=\"color: #3366ff;\"><em><strong>+ Gi&aacute;o vi&ecirc;n c&aacute;c trường Tiểu Học, Trung Học, Cao Đẳng, Đại học<br /> + &nbsp;Sinh vi&ecirc;n c&aacute;c trường Cao Đẳng, Đại Học tr&ecirc;n địa b&agrave;n TP.HCM.</strong></em></span></p>\r\n<p><em>Ch&uacute;ng t&ocirc;i mong muốn m&igrave;nh l&agrave; nơi đầu ti&ecirc;n qu&yacute; thầy c&ocirc; gi&aacute;o v&agrave; c&aacute;c bạn sinh vi&ecirc;n lựa chọn khi cần một nơi dạy k&egrave;m&nbsp;</em><span style=\"color: #ff0000;\"><em><strong>đ&aacute;ng tin cậy</strong>.</em></span></p>\r\n<p><span style=\"color: #ff0000;\"><em><strong>Đến với ch&uacute;ng t&ocirc;i qu&yacute; gia sư sẽ đươc hưởng c&aacute;c quyền lợi sau:</strong></em></span></p>\r\n<p><em>+ Đươc đảm bảo lớp dạy theo đ&uacute;ng y&ecirc;u cầu,gần nh&agrave;, thu nhập cao, ổn định. </em></p>\r\n<p><em>+ Tr&aacute;nh được việc&nbsp;gia sư&nbsp;gặp nhiều rủi ro trong việc t&igrave;m lớp dạy ở những trung t&acirc;m thiếu uy t&iacute;n.</em></p>\r\n<p><em>+ &nbsp;Đươc <strong>Gia Sư T&acirc;m</strong> hổ trợ khi gặp kh&oacute; khăn trong c&ocirc;ng t&aacute;c giảng dạy.</em></p>\r\n<p><em>+ Đặc biệt sinh vi&ecirc;n sẽ </em><span style=\"color: #ff0000;\"><em><strong>được lựa chọn dạy một m&ocirc;n</strong></em></span><em> ph&ugrave; hợp với khả năng của m&igrave;nh. Khi giảng dạy SV kh&ocirc;ng tốn nhiều thời gian soạn b&agrave;i m&agrave; vẫn đem lại hiệu quả cao, mang lại sự h&agrave;i l&ograve;ng cho phụ hunh, học sinh.</em></p>\r\n<p><strong><span style=\"color: #ff0000;\"><em>C&aacute;c thức đăng k&iacute;:</em></span></strong></p>\r\n<p><strong><em>+ ĐK qua tin nhắn (Họ&amp;t&ecirc;n, tuổi,trường đang theo học, lớp , m&ocirc;n , nơi c&oacute; thể dạy (quận), gửi 0919176446.</em></strong></p>\r\n<p><strong><em>+ Gọi trực tiếp &nbsp;0909.36.1963 (Thầy T&acirc;m).</em></strong></p>\r\n<p><strong><em>+ Đến TTGS T&acirc;m 157 L&acirc;m Văn Bền, P.B&igrave;nh Thuận, Q.7.</em></strong></p>\r\n<p><strong><em>Ch&uacute;ng sẽ sắp xếp lớp dạy ph&ugrave; hợp v&agrave; li&ecirc;n hệ lại trong thời gian sớm nhất cho </em><em>qu&yacute; gia sư</em><em> . </em><em>Xin cảm ơn</em></strong></p>\r\n<p>&nbsp;</p>\r\n<p><span style=\"background-color: #99ccff;\"><strong>_ĐC: 157 L&acirc;m Văn Bền, P.B&igrave;nhThuận, Quận 7, TP.HCM</strong></span></p>\r\n<p><span style=\"background-color: #99ccff;\"><strong>_ĐT: 0919.17.6446 (C&ocirc; Nhung) &ndash; 0909.36.1963 (Thầy T&acirc;m)</strong></span></p>\r\n<p><span style=\"background-color: #99ccff;\"><strong>_EMAIL:lienhe@giasu-tam.co</strong>&nbsp; &nbsp; &nbsp; &nbsp; &nbsp; &nbsp; &nbsp; &nbsp; &nbsp; &nbsp; &nbsp; &nbsp; &nbsp; &nbsp; &nbsp; &nbsp; &nbsp; &nbsp; &nbsp; &nbsp; &nbsp; &nbsp; &nbsp; &nbsp; &nbsp; &nbsp; &nbsp; &nbsp; &nbsp; &nbsp; &nbsp; &nbsp; &nbsp; &nbsp; &nbsp; &nbsp; &nbsp; &nbsp; &nbsp; &nbsp; &nbsp; &nbsp; &nbsp; &nbsp; &nbsp; &nbsp; &nbsp; &nbsp; &nbsp; &nbsp; &nbsp; &nbsp; &nbsp; &nbsp; &nbsp; &nbsp; &nbsp; &nbsp; &nbsp; &nbsp; &nbsp; &nbsp; &nbsp; &nbsp; &nbsp; &nbsp; &nbsp; &nbsp; &nbsp; &nbsp; &nbsp; &nbsp; &nbsp; &nbsp; &nbsp; &nbsp; &nbsp; &nbsp; &nbsp; &nbsp; &nbsp; &nbsp; &nbsp; &nbsp; &nbsp; &nbsp; &nbsp; &nbsp; &nbsp; &nbsp; &nbsp; &nbsp; &nbsp; &nbsp; &nbsp; &nbsp;</span></p>\r\n<p><span style=\"background-color: #99ccff;\">_<strong>WEBSITE:</strong> <a style=\"background-color: #99ccff;\" href=\"http://giasu-tam.com/\">http://giasu-tam.com/</a></span></p>\r\n<p><span style=\"background-color: #99ccff;\"><strong>_FB:</strong>&nbsp;&nbsp;<a style=\"background-color: #99ccff;\" href=\"https://www.facebook.com/giasutam\">https://www.facebook.com/giasutam</a></span>&nbsp; &nbsp; &nbsp; &nbsp; &nbsp; &nbsp;</p>\r\n<p><em>&nbsp;</em></p>\r\n<p><em><strong>&nbsp; &nbsp; &nbsp; &nbsp; &nbsp;&nbsp;</strong></em></p>\r\n<p><em>&nbsp;</em></p>','none.gif','2014-09-16 18:52:47',0,5,'2014-09-23 21:06:44',2,0),(12,'Gia sư dạy kèm','<p>gia sư dạy k&egrave;m</p>',0,'<p>gia sư dạy k&egrave;m</p>','none.gif','2014-09-16 18:53:11',0,4,'2014-10-08 14:59:14',2,0),(14,'Bồi dưỡng văn hóa cho học sinh cấp III','<p><span style=\"color: #0000ff; background-color: #ffffff;\"><strong>Gia Sư T&acirc;m hiện c&oacute; mở lớp To&aacute;n , L&iacute;, H&oacute;a, Anh d&agrave;nh cho học sinh cấp III tại Trung t&acirc;m Gia Sư.</strong></span></p>',0,'<p>Gia Sư T&acirc;m hiện c&oacute; mở lớp To&aacute;n , L&iacute;, H&oacute;a, Anh d&agrave;nh cho học sinh cấp III tại Trung t&acirc;m Gia Sư 157 L&acirc;m Văn Bền, P.B&igrave;nhThuận, quận7, TP.HCM, do c&aacute;c gi&aacute;o vi&ecirc;n giỏi ,kinh nghiệm đứng lớp giảng dạy, &nbsp;với phương ph&aacute;p giảng dạy dễ hiểu , tận t&acirc;m, nhiệt t&igrave;nh,kh&ocirc;ng gian học tho&aacute;ng m&aacute;t,sạch đẹp ,sẽ gi&uacute;p c&aacute;c bạn học sinh tiếp thu b&agrave;i hiệu quả, cải thiện kết quả học tập v&agrave; vượt qua được c&aacute;c k&igrave; thi quan trong. Học sinh hay qu&yacute; phụ huynh n&agrave;o c&oacute; nhu cầu học đăng k&iacute; &nbsp;cho con em</p>\r\n<p>tại :</p>\r\n<p>_ĐC : 157 L&acirc;m VănBền, P.B&igrave;nhThuận, quận7, TP.HCM</p>\r\n<p>_SĐT : 0919176446 ( C&ocirc; Nhung ) 0909361963 ( Thầy T&acirc;m )</p>\r\n<p>_EMAIL: lienhe@giasu-tam.com</p>\r\n<p>_WEBSITE : <a href=\"http://giasu-tam.com/\">http://giasu-tam.com/</a></p>\r\n<p>_FB : <a href=\"https://www.facebook.com/giasutam\">https://www.facebook.com/giasutam</a></p>\r\n<p>Rất vui được đ&oacute;n tiếp.</p>','10649705_493123290824431_3395343130287847466_n.jpg','2014-09-16 18:55:07',0,2,'2014-09-28 17:43:32',2,0),(18,'GIỚI THIỆU','<p><a href=\"\\&quot;../../../menus/update-menus/id/6\\&quot;\">GIỚI THIỆU</a></p>',0,'<h1 style=\"text-align: center;\"><span style=\"color: #000080;\"><strong>GIA SƯ T&Acirc;M</strong></span></h1>\r\n<p style=\"text-align: center;\"><span style=\"color: #000080;\">( UY T&Iacute;N -CHẤT LƯỢNG-TẬN T&Acirc;M )</span></p>\r\n<p style=\"text-align: center;\">&nbsp;</p>\r\n<p><strong>Lời đầu ti&ecirc;n <span style=\"color: #000080;\">TRUNG T&Acirc;M GIA SƯ T&Acirc;M </span>xin gửi lời ch&agrave;o, lời ch&uacute;c sức khỏe đến to&agrave;n thể Qu&yacute; Phụ Huynh , c&aacute;c em học sinh, qu&yacute; thầy c&ocirc; gi&aacute;o v&agrave; c&aacute;c bạn sinh vi&ecirc;n th&acirc;n mến!</strong></p>\r\n<p><strong><span style=\"color: #000080;\">GIA SƯ T&Acirc;M</span> nằm to&agrave;n tọa lạc tại 157 L&acirc;m Văn Bền, Q7, TP.HCM l&agrave; 1 trung t&acirc;m gia sư uy t&iacute;n tại địa b&agrave;n TP Hồ Ch&iacute; Minh, được th&agrave;nh lập với sứ mệnh cao cả &lsquo; Người dẫn đường &lsquo; cho c&aacute;c em học sinh v&agrave; c&aacute;c bạn sinh vi&ecirc;n, TTGS <span style=\"text-decoration: underline;\"><span style=\"color: #ff0000; text-decoration: underline;\">chuy&ecirc;n cung cấp gia sư ở&nbsp;c&aacute;c quận 1, 2, 3, 4, 5, 6,7 ,8, 9, 10, 11, 12, B&igrave;nh Thạnh,Thủ Đức, T&acirc;n B&igrave;nh, T&acirc;n Ph&uacute;, B&igrave;nh T&acirc;n, H&oacute;c M&ocirc;n, G&ograve; vấp, Ph&uacute; Nhuận.</span></span></strong></p>\r\n<p><strong>Với đội ngũ gia sư: <span style=\"background-color: #ffff99;\">+ Gi&aacute;o vi&ecirc;n kinh nghi&ecirc;m</span></strong></p>\r\n<p><strong>&nbsp; &nbsp; &nbsp; &nbsp; &nbsp; &nbsp; &nbsp; &nbsp; &nbsp; &nbsp; &nbsp; &nbsp; &nbsp; &nbsp; &nbsp; &nbsp;<span style=\"background-color: #ffff99;\">+ Sinh vi&ecirc;n ĐHSP &amp; c&aacute;c trường cao đẳng, đại học nổi tiếng</span></strong></p>\r\n<p style=\"text-align: center;\">&nbsp;<span style=\"color: #ff0000; background-color: #99ccff;\"><strong><em>DẠY K&Egrave;M TẠI NH&Agrave;</em></strong>.</span></p>\r\n<p>&nbsp;</p>\r\n<p><em><br /><span style=\"color: #ff0000;\"><img src=\"http://media.tiin.vn/media01/513ac27e823ca/2013/05/15/7092b5fd-1f30-4ed6-86ec-50f10c125358.jpg\" border=\"0\" alt=\"\" width=\"546\" height=\"451\" /></span></em></p>\r\n<p><strong><em><span style=\"color: #ff0000;\">Đội ngũ gia sư được tuyển dụng 1 c&aacute;ch kĩ&nbsp; c&agrave;ng c&ugrave;ng với 5 năm kinh nghiệm</span> TTGS ch&uacute;ng t&ocirc;i đ&atilde; l&agrave;m h&agrave;i l&ograve;ng rất nhiều qu&yacute; Phụ Huynh ,học sinh.</em> <em>lấy phương ch&acirc;m chữ &ldquo;<span style=\"color: #0000ff; background-color: #ffffff;\">T&Acirc;M</span>&rdquo; h&agrave;ng đầu , <span style=\"color: #ff0000;\">phương ph&aacute;p sư phạm hiệu quả</span>, dễ hiểu, dạy b&aacute;m s&aacute;t chương tr&igrave;nh s&aacute;ch gi&aacute;o khoa của Bộ gi&aacute;o dục v&agrave; dạy mở rộng chương tr&igrave;nh n&acirc;ng cao, TTGS ch&uacute;ng t&ocirc;i sẽ gi&uacute;p c&aacute;c em vượt qua c&aacute;c kỳ thi quan trọng ( thi học kỳ, thi chuyển cấp, tốt nghiệp trung học phổ th&ocirc;ng v&agrave; thi đại học &hellip;). &ldquo; Học đi đ&ocirc;i với h&agrave;nh &rdquo;, ch&uacute;ng t&ocirc;i sẽ hỗ trợ tốt nhất đề c&aacute;c em c&oacute; thể kết hợp hiệu quả cao giữa l&yacute; thuyết v&agrave; b&agrave;i tập. Ngo&agrave;i ra, ch&uacute;ng t&ocirc;i thường xuy&ecirc;n b&aacute;o c&aacute;o kết quả học tập của học sinh ( mỗi th&aacute;ng một lần ) cho qu&yacute; Phụ Huynh.H&atilde;y đến với ch&uacute;ng t&ocirc;i Qu&yacute; Phụ Huynh sẽ thấy con em m&igrave;nh <span style=\"color: #0000ff;\">tiến bộ qua từng buổi họ</span>c.</em></strong></p>\r\n<p><strong>&nbsp; V&igrave; sự th&agrave;nh đạt ng&agrave;y mai, Qu&yacute; Phụ huynh h&atilde;y đầu tư cho con em m&igrave;nh từ h&ocirc;m nay!</strong></p>\r\n<p>&nbsp;</p>\r\n<p><span style=\"background-color: #ffff99;\"><strong><em>Đ&ecirc;̉ đáp ứng nhu c&acirc;̀u tìm gia sư ch&acirc;́t lượng cao cho các b&acirc;̣c phụ huynh và học sinh, TTGS T&acirc;m rất mong được hợp t&aacute;c với:</em></strong></span></p>\r\n<p><strong><em>+Gi&aacute;o vi&ecirc;n c&aacute;c trường Tiểu Học, Trung Học, Cao Đẳng, Đại học<br /> + Sinh vi&ecirc;n c&aacute;c trường Cao Đẳng, Đại Học tr&ecirc;n địa b&agrave;n TP.HCM.</em></strong></p>\r\n<p><strong><em>Ch&uacute;ng t&ocirc;i mong muốn m&igrave;nh l&agrave; nơi đầu ti&ecirc;n qu&yacute; thầy c&ocirc; gi&aacute;o v&agrave; c&aacute;c bạn sinh vi&ecirc;n lựa chọn khi cần một nơi&nbsp;<a href=\"http://www.trungtamdaykem.com/\">dạy k&egrave;m</a>&nbsp;đ&aacute;ng tin cậy.</em><em>&nbsp;</em></strong></p>\r\n<p><strong><span style=\"color: #3366ff;\"><em>Đến với ch&uacute;ng t&ocirc;i qu&yacute; gia sư sẽ đươc hưởng c&aacute;c quyền lợi sau:</em></span></strong></p>\r\n<p><strong><em>+ Đươc đảm bảo lớp dạy theo đ&uacute;ng y&ecirc;u cầu,gần nh&agrave;, thu nhập cao, ổn định. </em></strong></p>\r\n<p><strong><em>+ Tr&aacute;nh được việc&nbsp;gia sư&nbsp;gặp nhiều rủi ro trong việc t&igrave;m lớp dạy ở những trung t&acirc;m thiếu uy t&iacute;n.</em></strong></p>\r\n<p><strong><em>+ &nbsp;Đươc Gia Sư T&acirc;m hổ trợ khi gặp kh&oacute; khăn trong c&ocirc;ng t&aacute;c giảng dạy.</em></strong></p>\r\n<p><strong><em>+ Đặc biệt sinh vi&ecirc;n sẽ được lựa chọn dạy một m&ocirc;n ph&ugrave; hợp với khả năng của m&igrave;nh. Khi giảng dạy SV kh&ocirc;ng tốn nhiều thời gian soạn b&agrave;i m&agrave; vẫn đem lại hiệu quả cao, mang lại sự h&agrave;i l&ograve;ng cho phụ hunh, học sinh.</em></strong></p>\r\n<p><strong><span style=\"color: #3366ff;\"><em>C&aacute;c thức đăng k&iacute;:</em></span></strong></p>\r\n<p><strong><em>+ ĐK qua tin nhắn (Họ&amp;t&ecirc;n, tuổi,trường đang theo học, lớp , m&ocirc;n , nơi c&oacute; thể dạy (quận), gửi 0919176446.</em></strong></p>\r\n<p><strong><em>+ Gọi trực tiếp &nbsp;0909.36.1963 (Thầy T&acirc;m).</em></strong></p>\r\n<p><strong><em>+ Đến TTGS T&acirc;m 157 L&acirc;m Văn Bền, P.B&igrave;nh Thuận, Q.7.</em></strong></p>\r\n<p><strong><em>Ch&uacute;ng sẽ sắp xếp lớp dạy ph&ugrave; hợp v&agrave; li&ecirc;n hệ lại trong thời gian sớm nhất cho qu&yacute; gia sư . </em></strong></p>\r\n<p><strong><em>Xin cảm ơn!</em></strong></p>\r\n<p>&nbsp;</p>\r\n<p><strong>_ ĐC : 157 L&acirc;m VănBền, P.B&igrave;nhThuận, quận7, TP.HCM</strong></p>\r\n<p><strong>_SĐT : 0919176446 ( C&ocirc; Nhung ) 0909361963 ( Thầy T&acirc;m )</strong></p>\r\n<p><strong>_EMAIL:</strong> lienhe@giasu-tam.com</p>\r\n<p><strong>_WEBSITE :</strong> <a href=\"http://giasu-tam.com/\">http://giasu-tam.com/</a></p>\r\n<p><strong>_FB :</strong> <a href=\"https://www.facebook.com/giasutam\">https://www.facebook.com/giasutam</a></p>\r\n<p><em>&nbsp;</em></p>\r\n<p>&nbsp;</p>\r\n<p><span style=\"color: #ff0000; background-color: #ffffff;\">&nbsp;</span></p>\r\n<p>&nbsp;</p>\r\n<h2>&nbsp;</h2>\r\n<p>&nbsp;</p>','none.gif','2014-09-16 18:59:23',0,5,'2014-10-09 22:06:42',2,0),(19,'TUYỂN DỤNG','<p><a href=\"../../../menus/update-menus/id/4\">TUYỂN DỤNG</a></p>',0,'<h3><span style=\"color: #800000;\"><strong>*Việc l&agrave;m th&ecirc;m cho c&aacute;c bạn học sinh, sinh vi&ecirc;n, gi&aacute;o vi&ecirc;n .&nbsp;</strong></span></h3>\r\n<p><span style=\"color: #800000;\"><strong>&nbsp;</strong></span></p>\r\n<p><span style=\"color: #000080;\"><strong>Để mở rộng hoạt động của trung t&acirc;m, tạo điều kiện th&ecirc;m thu nhập cho c&aacute;c bạn gia sư. Trung T&acirc;m Gia Sư T&acirc;m cần tuyển cộng t&aacute;c vi&ecirc;n.</strong></span></p>\r\n<p><strong><span style=\"color: #ffff99;\"><span style=\"color: #000000; background-color: #ffff99;\">_M&ocirc; tả c&ocirc;ng việc :</span></span></strong></p>\r\n<p><span style=\"color: #000000; background-color: #ffffff;\"><strong>Giới thiệu lớp dạy cho&nbsp;Gia Sư T&acirc;m &nbsp;bạn sẽ được trung t&acirc;m chia sẻ&nbsp;50% lợi nhuận khi kh&aacute;ch h&agrave;ng bạn giới thiệu sử dụng dịch vụ của trung t&acirc;m.</strong></span></p>\r\n<p><span style=\"color: #000000; background-color: #ffffff;\"><strong>Với đội ngũ gi&aacute;o vi&ecirc;n, sinh vi&ecirc;n trung t&acirc;m sẽ đ&aacute;p ứng mọi y&ecirc;u cầu của qu&yacute; phụ huynh một c&aacute;ch nhanh nhất, tốt nhất.</strong></span></p>\r\n<p><strong><span style=\"background-color: #ffff99;\">_Chi tiết c&ocirc;ng việc :</span></strong></p>\r\n<p><span style=\"color: #000000; background-color: #ffffff;\"><strong>+Bạn đang dạy 1 lớp nhưng muốn ngưng giảng dạy,hoặc muốn đổi 1 lớp kh&aacute;c.</strong></span></p>\r\n<p><span style=\"color: #000000; background-color: #ffffff;\"><strong>+C&aacute;c bạn đang dạy 1 học sinh m&agrave; PHHS y&ecirc;u cầu dạy th&ecirc;m 1 số m&ocirc;n kh&aacute;c m&agrave; ko phải chuy&ecirc;n m&ocirc;n của bạn.</strong></span></p>\r\n<p><span style=\"color: #000000; background-color: #ffffff;\"><strong>+Người quen, họ h&agrave;ng của c&aacute;c bạn hay PHHS c&oacute; con em cần học gia sư nhờ bạn t&igrave;m gi&uacute;p.</strong></span></p>\r\n<p><span style=\"color: #000000; background-color: #ffffff;\"><strong>+C&aacute;c bạn c&oacute; thể sử dụng mạng x&atilde; hội như Facebook, yahoo.google.. đăng tải nhận lớp học gia sư bằng th&ocirc;ng tin, số điện thoại của ban, rồi gửi về cho TT giao lớp, c&aacute;c bạn sẽ nhận được 50% ph&iacute; m&agrave; trung t&acirc;m đ&atilde; giao lớp.</strong></span></p>\r\n<p><span style=\"color: #ff0000;\"><strong>Nếu c&oacute; những trường hợp tr&ecirc;n c&aacute;c bạn h&atilde;y tư vấn cho PHHS t&igrave;m gia sư ở Gia Sư T&acirc;m hoặc gởi số ĐT của PH trung t&acirc;m sẽ tư vấn cho phụ huynh.</strong></span></p>\r\n<p><span style=\"color: #ff0000;\"><strong>Số ĐT của trung t&acirc;m : 0919.17.6446</strong></span></p>\r\n<p><span style=\"color: #ff0000;\">Bạn sẽ được chia sẻ&nbsp;50%&nbsp;số tiền kh&aacute;ch h&agrave;ng trả cho c&aacute;c dịch vụ của ch&uacute;ng t&ocirc;i trong th&aacute;ng đầu ti&ecirc;n.</span></p>\r\n<p><span style=\"color: #000000; background-color: #ffffff;\"><strong>Kh&aacute;ch h&agrave;ng bạn giới thiệu phải sử dụng dịch vụ &iacute;t nhất một th&aacute;ng, do đ&oacute; lợi nhuận chỉ được chia sẽ cho bạn sau 30 ng&agrave;y.</strong></span></p>\r\n<p><span style=\"color: #000000; background-color: #ffffff;\"><strong>V&iacute; dụ: Lớp c&oacute; mức lương 1.000.000đ ph&iacute; trung t&acirc;m thu của gia sư nhận lớp l&agrave; 300.000 đ</strong></span></p>\r\n<p><span style=\"color: #000000; background-color: #ffffff;\"><strong>bạn &nbsp;được chia sẻ&nbsp;50%&nbsp; l&agrave; 175.000 đ</strong></span></p>\r\n<p><span style=\"background-color: #ffff99;\"><strong>_Quyền lợi khi l&agrave;m cộng t&aacute;c vi&ecirc;n:</strong></span></p>\r\n<p><span style=\"color: #000000; background-color: #ffffff;\"><strong>+Được chia sẽ 50% ph&iacute; giao lớp của ch&uacute;ng t&ocirc;i.</strong></span></p>\r\n<p><span style=\"color: #000000; background-color: #ffffff;\"><strong>+Được l&agrave;m 1 c&ocirc;ng việc nhẹ nh&agrave;ng, đơn giản, thời gian tự do, lương cao.</strong></span></p>\r\n<p><span style=\"color: #000000; background-color: #ffffff;\"><strong>+Được ưu đ&atilde;i giảm ph&iacute; khi đến Gia Sư T&acirc;m nhận lớp.</strong></span></p>\r\n<p><span style=\"color: #000000; background-color: #ffffff;\"><strong>_C&aacute;ch nhận hoa hồng:</strong></span></p>\r\n<p><strong>Đến trực tiếp văn ph&ograve;ng của Gia Sư T&acirc;m ( 157 L&acirc;m Văn Bền, quận 7 )</strong></p>\r\n<p><strong>Y&ecirc;u cầu trung t&acirc;m chuyển khoản ng&acirc;n h&agrave;ng cho bạn.</strong></p>','none.gif','2014-09-18 10:13:23',0,5,'2014-10-09 14:12:53',2,0),(20,'LIÊN HỆ','<p>LI&Ecirc;N HỆ</p>',0,'<p>&nbsp;</p>\r\n<h1 style=\"text-align: center;\"><span style=\"color: #0000ff;\"><strong>GIA SƯ T&Acirc;M</strong></span></h1>\r\n<p>Qu&yacute; Phụ Huynh c&oacute; nhu cầu t&igrave;m gia sư, c&aacute;c thầy c&ocirc; gi&aacute;o,sinh vi&ecirc;n c&oacute; nhu cầu nhận lớp dạy xin vui l&ograve;ng LH:</p>\r\n<p>&nbsp;</p>\r\n<p><strong>_ĐC : 157 L&acirc;m VănBền, P.B&igrave;nhThuận, quận7, TP.HCM</strong></p>\r\n<p><strong>_SĐT : 0919176446 ( C&ocirc; Nhung ) 0909361963 ( Thầy T&acirc;m )</strong></p>\r\n<p><strong>_EMAIL: lienhe@giasu-tam.com</strong></p>\r\n<p><strong>_WEBSITE :</strong> <a href=\"http://giasu-tam.com/\">http://giasu-tam.com/</a></p>\r\n<p><strong>_FB :</strong> <a href=\"https://www.facebook.com/giasutam\">https://www.facebook.com/giasutam</a></p>\r\n<p>&nbsp;</p>\r\n<p>&nbsp;C&aacute;c bạn ở xa Trung T&acirc;m Gia Sư c&oacute; thể nhận lớp bằng c&aacute;ch chuyển khoản kh&ocirc;ng cần đến trực tiếp trung t&acirc;m.</p>\r\n<p style=\"text-align: left;\"><span style=\"background-color: #ffff99;\">+Thanh to&aacute;n trực tiếp:</span> Đến trung t&acirc;m 157 L&acirc;m Văn Bền,P.B&igrave;nh Thuận,q7</p>\r\n<p style=\"text-align: left;\"><span style=\"background-color: #ffff99;\">+Thanh to&aacute;n chuyển khoản&nbsp;:</span></p>\r\n<p style=\"text-align: left;\">&nbsp;ph&uacute;t sau khi c&aacute;c bạn chuyển khoản ), v&agrave; gửi th&ocirc;ng tin lớp học chi tiết, giờ hẹn PH.</p>\r\n<p style=\"text-align: left;\"><span style=\"color: #3366ff;\"><strong>IV &ndash; GIẢI QUYẾT SỰ CỐ</strong></span></p>\r\n<p>C&aacute;c bạn ở xa Trung T&acirc;m Gia Sư c&oacute; thể nhận lớp bằng c&aacute;ch chuyển khoản kh&ocirc;ng cần đến trực tiếp trung t&acirc;m.</p>\r\n<ul>\r\n<li><img src=\"https://encrypted-tbn3.gstatic.com/images?q=tbn:ANd9GcTkridLGzeQkDgWDKdzuIUajOqDGzUXjziOgobrn-QDR0U8y2FmXQ\" alt=\"http://www.google.com.vn/imgres?imgurl=http%3A%2F%2Fmedia.doisongphapluat.com%2F144%2F2013%2F8%2F29%2FLogo_Thongcao07.jpg&amp;imgrefurl=http%3A%2F%2Fwww.doisongphapluat.com%2Fcan-biet%2Ftruyen-thong-thuong-hieu%2Fy-nghia-1ogo-cua-cac-ngan-hang-viet-a118.html&amp;h=373&amp;w=550&amp;tbnid=wZwz2x4og1huNM%3A&amp;zoom=1&amp;docid=WSzpGML3k83gDM&amp;ei=rcsrVO3FM4aP8QWc5IGwDg&amp;tbm=isch&amp;ved=0CEIQMyggMCA&amp;iact=rc&amp;uact=3&amp;dur=291&amp;page=3&amp;start=28&amp;ndsp=14\" width=\"131\" height=\"89\" />&nbsp; &nbsp; &nbsp; &nbsp; &nbsp; <span style=\"color: #339966;\">Argibank</span>, chi nh&aacute;nh Nam S&agrave;i G&ograve;n, chủ t&agrave;i khoản <strong>L&ecirc; H&ugrave;ng T&acirc;m</strong>, số t&agrave;i khoản <strong>6160.215.002.164.</strong></li>\r\n</ul>\r\n<ul>\r\n<li><img src=\"data:image/jpeg;base64,/9j/4AAQSkZJRgABAQAAAQABAAD/2wCEAAkGBxQREBUUEhIWFhUWGBgaGRYVGBgXFhoaGBgXFxcYFhYZHSggGCAlHRQXIjEhJSkrLi4uFyAzODMtNyguLisBCgoKDg0OGxAQGywmHyQsLC0sLCwsLCwsLDQsLCwsLCwsLCwsLCwsLCwsLywsLCwsLCwsLCwsLCwsLCwsLCwsLP/AABEIAIQBGAMBEQACEQEDEQH/xAAcAAEAAgMBAQEAAAAAAAAAAAAABgcEBQgDAgH/xABJEAABAwIDBAYECwQHCQAAAAABAAIDBBEFEiEGBzFBEyJRYXGBFDKRsSM1QlJicoKhssHRM3OSswgXJnSDwuEVFiRDVGOTosP/xAAaAQEAAwEBAQAAAAAAAAAAAAAAAwQFAQIG/8QAMREBAAIBAgMFBgcBAQEAAAAAAAECAwQREiExBRMiQVEyM2FxgZEUFUKh0eHwscEj/9oADAMBAAIRAxEAPwC8UBAQEGLX4hHAzNK8NHfzPYBzUWTNTHG952SY8V8k7Ujd5UGMQTm0crXH5t7O9h1XnHqMWTlW0S9ZNPlx87VZ6nQiAgICAgICAgICAgICAgICAgICAgICAgICAgICAgIPiWUNBLjYDmvNrxWN56O1rNp2hp5cTdI7LGCAeHzj+izr6q2S3Dj/ALXa6etI4ro7i2zdXM/O7oyB6rA86DxI1J7VUzdn57zvy+S7h1unxxw8/nt/aP1FA+JwEjCx3K/vaRx8ll5cd8VtrxtLRx5K5K70neEpwDaZzSGVBu3lIeI+t2jvWno+05ieDN09f5/lm6rs+LeLF19P4TMFb7FfqAgICAgICAgICAgICAgICAgICAgICAgICAgICD4mlDGlzjYDUlebWisTM9Ha1m07R1RGvxEzOvwaPVb+Z71h5tROa2/l5Q2MWCMUbefmxDjno7iGRhzyOLjZrR4DUlQxrIwTO0bz+0JfwnfRznaP+vF209SfltHg39SvE9qaiem32e47P08eU/d6naJ725Z42SsPEeqfEHXVevzHJevDlrFo+zz+BpSeLFaYn7tbLE2/UJLTwzDrDuPb4qnalInw9Pj1+S1W1pjxdfgkuymJkfAvOnyD72/otfs3Uz7m30/j+GXr9PHva/X+UqW0yhAQEBAQEBAQEBAQEBAQEBAQEBAQEBAQEBAQEEU2oxHM/omnRuru88h5cfNYvaGo4r91HSOrW0GDaveT59GlElln8W0L227bU2yBcS6aS19crOXi4/oruPsibTxZbfSP5Ur9pxWOHHX6yzv90YO2T+L/AEVj8owes/dD+Z5vSPswqrZJw1ikv3PFj/EP0UGTsm0c8dt/n/KbH2lE8r1+zTTUro3ZXtLT2H8u1ULYrY54bRtK9XJW8b1nd+sBFiDYjUHsI4JET1jqTMTylPMOqulja/tGo7DzX0uDL3uOLPn82Pu7zVlKZEICAgICAgICAgICAgICAgICAgICAgICAgIPGsqBHG554NBPsUeW8Y6TafJ7x0m9orHmrQTFxudXONz4lfIxebTvPWX081isbR0h959F64uTmyzl9g+WEBBq9pA30aRxAJa0kX5Hkqutivc2mfKFnSTPfViPOUNoJxI244jiOz/RYFJ4o3bV4ms7JRsvJ67PBw89D7gtbs63tU+rL11elvo3y01AQEBAQEBAQEBAQEBAQEBAQEBAQEBAQEBAQaDbWoyUpHz3BvvP5LO7Uvw4Jj15L3Z1d88T6c0Y2Wj6SpaOwOP3WHvWN2dTj1ERPlEy1ddbgwzPya5oNsp4i4PiNCqfOI4Z+S11nij5rLwirEsDH9rRfxGh+9fX6bLGXFW3wfMZ8fd5JqzFOhEER27xIBggbxdq/uA4DzPuWN2tqIiIwx1nnPya3ZmCZnvZ8ujSbGUPTTy9jY+P0nHq/hKq9n4O9m0fBa1+Xu6V+MpPgjS2ax0NiCPBXdHvXLtKjqpice6RLWZogICAgICAgICAg/LoP1AQEBAQEBAQVZvQ28lp5vRaRwY4AGSXQuF+DGg6DTUk9oV7S6eLRxWU9RqJp4YQjAtuKqGqikmqpXxB46RrnXBYdHG3de/krWTT0msxEc1bHqLcXN0S03FxqCsdqv1AQEEb29hLqTMP+W4OPhYg/iWd2lj48Pyndf7OvFc23rGyKbH1YZWR3+VdvmRp7llaC0U1Eb+e8NTXUm2C3w5thtfhxhm6UDqSHX6L+YPjx9q9dp6WceTvK9Lf9R9n54yY+Cesf8feymNiFxjkNo3m4J4Nd39x/JOzdZGG3d36T+0/25r9LOWvHTrH7x/Sdgr6RgtFje0TYgWx2fJ/6t7yefgs3V9o1xRw052/aF/TaG2TxX5V/wCoFUvc5xJJc5x8S4nsH5L5yZte2885lvREVrtHKITTDmMwyjL5iM7us4DiXW6rG9thp7V9JgrXR4d79Z/2zCzTbWZtqdI/27D2ExJ1Q6R0nrtc4nwfq0DuFiPJQ6K85Ms2nrzS6/HGOsVr0/hMitdlOecS3j18sjnsqDEwk5WMDbNbfqgkgkm1rla9dLjiNphl31N5nk3vQbR9svtgUW+l/wBul21DExDH8coQHVDpGtv6z2RvZfsJbw8yvVcenycqvM5M1OcpTsPvP9JmbT1bGse/RkjCcjncmuafVJ5akFQZ9JwRxVTYdTF52lMdrtomYfTOnkGY3ysYDYveb2aDy4E37AVWxY5yW4YWMl4pG8qXq9uMSrZQyORzS82bFTix8M3E+NwtONPixxvLPnUZLztVtm7LY8W5unlH0TUnN7OH3qLvdP6fsk7rN6tOdqcVoJjHLNIHixLJwHgjkQeYPaCpe5w5I3iPsinNlxztZbuwW17cSgc7KGSxkCRgNwL3yuaebTY+wjks/PhnHbbyX8WWMkbqkxTeLXyTPcyoMTMzg1jWtsGgkC5IJJsFoV0uOI5xuz76q+/JPd1O2j6sPp6l+advWY82BkZzFhzb7iOxVNVginir0W9Nm442nqsVU1pSG0u19bHi0kLKlzYhURtDAGWDSWXF7X5laePBjnFxTHPZQvmtGXhWJvA2ybhsTcrQ+aW/RsJsLNtme49guPG6p4ME5J+CzmyxjjdU8W0uLYhNkhmkLzc5IbRtA7SeQ8StCcWHHG8wpRly5J8LbTbNY8xubppXfRbUEu9h0UcZdPM7bfsknFm9f992swjeLX0klpXuma02fFMMr9OIDrXa7xuvd9LjvHLkjrqb1nay9cIxJlTBHNEbskaHDt15HsIWXas1naWjW0WjeHvV1DY43PebNY0ucewNFz7lyI3nZ2Z2jdzngcL8UxVhfxml6SQcbMacxb4ZQGrYyTGLF8mXSO9y833vEwYUuIzRgWY/4RgGgyv4geBBCabJxY4l51FOC/Jb+67GvSsOjzG74vgn9vVAynzbZZ2px8GT5tHBfiol6rphAQfEsYc0tcAQRYg8CDyXJiJjaXYmYneERxHYqIHNDnZbUZDexHAgFZGfs6KzxY92pi7RvPK+0thLiWaPJLGJARZ2tr9+Wxsvc6zirw3ruirptrcVLbItJhTA42c4N5NNiR3ZufsWTfT03nbo1a57bc+r3E72x9GJHZOy/wB1+zuXvvL1pwRadnngpN+OYjdgSBVZ5QnhkUmJsp+tHFnl+fIdG/UYPeSp8Gopg50rvb1ny+UIcuC+ble21fSPP5zLR4tXPmfnlcXO4Duvya0cFy+a+W2953lNjxVx14aRtH+6ym+wWAPpw+WXqulDQGfNaLm7u834cluaHT2xxNrdZ8mNr9TXJMUr0jzS9aDOckH1F9D5sP8AU62C+ebjyq6Vksbo5GhzHgtcDwIIsV2JmJ3hyY3jaXKlVE6IvZc5o3Obm4HNG4gHuN23W9E8URPqxvZyLL3z1xlZh/Y+N8hHK7hFb2XPtVLR12my1q53rD03F0IdNUzEXLGxsb3ZsznW/haua63KId0VesrhWcvqz35UDXU0E9uvHJkv9CRpuP4mt+9XdDbxTCnrK703RvcnMW4jI3k+E3+y5pH4j7VNrY8EItFPOYRXZzCPTKzoM2UvMtncesMxbfuuNVYyZOCnEgpj477Sw4JZqWoDheOeF/A/Jc3Qg9o5d4K9TFb128peYm2K7pDZbHWV1KyePTMLObxLHj1mnw91li5cc47TWWvjvF67wova748l/vUXvjWri9z9JZ2T3zab55y7Ew3kyFgH2i4n8l40Uf8Az3+LutnxbJhuQw8MopJrdaWQi/PLH1Wj2lx81W1tt77eixpK7U3WMqa2qTefsXU1FaJqWDOHxjOQWt6zTYcTrcW9i0NLnrWm1pUdTgm9t6wmO7PDZqbD2RVDMj2vf1bg6FxI1Hiq2ptW2TeqxgrNabS1u+PGegoOiB69Q7IPqDrSH3D7QXvR04r7+jzqb8NPm0O4zB9Z6pw00ij8utIfvYPslTa2/SqLR02jiZ2+/B89PFVNGsLi131JLe5wHtK8aK+1pr6vWrpvXdGdzOL9DXOhJ6tQ2w+vHct9oLlPrKb04vRBo77TwrzWW0hAQEBBi1VCyT1m69o0PtUOTBTJ1hJTNenSWpqNnT8iTycPzH6Kjfs6f02+65TXR+qv2a6XZ2fkGH7X6hVbdn5/Lb7rNddh+P2Y52YqDyYPF36BRflmon0+/wDST8wwR6/Z7RbFOd+0mAHYxtz/ABO4exS4+x7b+O/2hHftWv6K/dvsL2fgpzdjLu+e7rO8jy8lq4NJiw+zHP1Z2bV5c3K08vRtVZVxByQfUX0Pmw/1utgvnm4/UHLe0p/4urtw6ef+Y5bmP2I+UMbL736pjvV/Z4Z/dv8ALEq+l63+axqvZr8m+3D/ALOr/eR/gKh13WPql0fs/wC+K1VRXEB31fFn+NH+ataP3itqvdoPuY+Mz+5k/ExW9Z7tW0XtS127T44h+vL7nr1qfdS86f3qX75NlbgV0Q4DLOBzHyZPLge4jsVfR5tvBP0WNVh4o4o6onu22p9AqrSG0E1myXOjTwbJ3WvY9x7lY1OHvK8usK+mzcM8M9HjteLY5L/eYvfGmL3P0kye+Z2+D42f+6i/zLmj92az21jbnvimP68v8wqlq/ez9F3Te7hjb0qzEIzTf7P6XXpek6Jgfw6LJmuDbi+3mu6auKd+NzPN4iOBXdftZi8BAnnmiLhcB8bGkgaEi7VdrhwW9mFO+fNTqtTddik1Vh7ZJ5DI8ySDMQBoHWA0ACoamlaZNqr2C02pvKst7uL9PiJYD1adojH1j1n/AOUfZV3SU4ab+qlq7724XnhpxqmjEUEdTGxt7NETbC5ueLb8Su2/D2nedna9/WNofdbPjk0bopWVL2PFnNMTbEHlo1ciNPWd42dmc8xtKJRSyU8zXgFssLwQHCxDmG9nDxGqszEWjbylUrvS3N0/hVc2ohjmZ6sjWuHmL28uCwrVmszEtus7xuy1x0QEBAQEBAQEBAQEHJB9RfQ+bD/W62C+ebjAxzGYqOF0szw1rQTbm48mtHMleqUm87Q82tFY3lzAWPmdYC8szrADm+R3D2uW7yrHwhjx4si099WFFkFE9ouyLNC4/WazJ/Ld7QqGjvva0eq5q6Tww125bGWQVM0Ejg3pwwsJ0BezMMviQ77l71tJtWLR5PGjvETMLsWY0VUb78aYWQ0jSC/P0j7H1QAQ0HvJcT9nvV/RY53mylrLxw8LWbjqIurJ5bdWOINv9KR17exn3he9baOGIeNFWectHu0+OIfry+56l1PupR6f3joSWIOaWuALXAgg8CDoQVkNSXOO3OzJw6qMXGJ4LonHmy+rT2ltwPMHmtrBm7yu/myNRimlt4aqlmc+pic9xc4yxXJNzo5oFz4AL3aNqzEeko8czN95TbfZRlmIRyEdWWKwPfGesPY9qq6K3gmFrW157t/uRxphhkpHOAka8vYD8pjuOXtIIN/rBRa3HPFFkukvvXhWgqK4pXffUsfWQNa9riyN4cAblpLhYO7OC09FExWWfrJhI92mItpcCfO/hGZneNibDzNh5qDU14s20fBPp52xbq93eYa6txOIy9azjPKe0g5tfF5Cuai3Bjnb5KmCOPLu6JWO1BBQ++HCOgxDpALNqG5/tss1/vYfNaujvxU29GbrKbTxJhuTxrpKaSmcetA4FvfHJcj2ODh4Fqra3Htbi9VjSX3psl2L7SRwPyZXOI9Yiwa3TNYuPPKC6w4AXNlTWmfheIsqGZmXFjZzXaOadDZw8CD3ggjigzEBAQEBAQEBAQCgouPdDXAW6SD2u/Rak62npLOnSWnmyP6rcS/6pv8A5ZV5/F4vR6/D5PV+M3Q1j3XkqYvrEySHyuu/jaR0g/C2nrKcbG7uoKB4lc4zTDg9wDWtvocjNbHvJJVXNqbZI26QsYtPWnPzSrFMOjqYXwzMDo3ixB947D3qvW01neE1qxMbSqHGNz87XH0aZkjOTZbsePFwuHeNgtGmtrPtQo30k9avJuxONtbkE7gzsFS6yd/p+u37Hc5um78w7dDVvd8PNHECbktvK89vYL95K7bW0iPDDkaS0z4pW3s7gUNDAIYG2aNSTq5zjxc48zos/JktktvK7SkVjaFd7H7uaqkr46iR8RY1zyQ0uzdYOAtcd6uZtVW9JrCti080vuthUFxHtuNmW4hSui0EjetE8/JeO3uPAqXDlnHbdHlxxeu0qzpN09a2SNxkgs17HHV3BrgTbTuV62spMTHNTppJi261tptnoa+Awzg2vdrho5juTmnkdVn48lsc7wu3pF42lU1fujrI3fAyxSgG4cSYnjs7bHwK0K62kx4o/wDVKdJaJ8Mvt+xuOPbkdO8t7DUut581yM+nid9v2d7nN03fWFbnahx+HnjibzEYMjj5mwHjqltdWPZgro5n2pS3aLYh/wDs1lDQFrWZ80jpXEuIHW4gc3W7tFXx547zjusXxeDhqbs9iZcOfPJO5jnSBjW5L6NbmLr37SW/wpqc8ZNoh50+Hu990+VVZEES3j7KuxGmYyItbLG8OaXcLEZXg27QfaAp9Pm7u289EObHx12RnYbYOtoK1sznwmMhzJA0uuWnUW01IICnz6imSmyHBgtjlJMf2adLI8hpfHI5z7Nf0cjZDGIicx0c0tA08eIKorjdbP4a6Fr3SFvSSvD3hgsxpDGRhrO4Njb96DaoCAgICAgICAg1G0O0UVE0OmbKWkOOaOGSVrQ21y8saQzjztwPYgjtJvXw2Z2SKSaR1r5WU8znW7bBt0GT/WXh7ZOjllfC617VEUsOnb12hBLYZWvaHNcHNIuHNIIIPAgjig+0BAQEBB4VtSIo3SODiGgkhjS95tyaxoJce4IIPhe9KCpxCOihp5sznODnyjosuVpd6hu4nlY5eKCfoCAgICAgICAgICAgICAgICAgICAgICAgIKI/o2/tas/9uH8Un6LjsrO3l4VFU4ZUCVoOSNz2OPFrmi4LTy4LriHf0da2V9FOx1zFHK3ozyBc3M9g7gcpt9JBatVUsiYXyPaxg4ueQ1o8SdEGtwfaijq3FlNVRSuGpaxwJt225oNsSgw6PF4JnvjimY98YBeGODsua+XNbhfKfYg1w20w/pei9Ng6S9svSN49l+CDfIKUnH9tG/VH8oo6t2vxingIbNPFGSLgPe1pI4XAJ4I4xqLaejmlEUVVFJIQSGMeHOsOJsEG3QEBAQEBAQEBAQEBAQEBAQEBAQEBAQEHOu4uSra+p9DZA85Is/Tuc2wzSZcuUG/O/kuOylu3RxaSIitgHoViZW4e8GVwGtnGQXy8yAF1xK92WN4fPSiLDhkbEBmidpI3N8p+pzX+dcoNXs7stV1NfUVGMBkrIzlpYtHQgEnM9sZ0BsGi5Fzc9iCE768Oiwyuo6uja2KV2dzms6ovEWFrso4Bwe5p7bILn2gwKCvg6KpjzsPWAuRY2IBBHMXKCj9xmAtrDWxSSPEIEPSRMOUTazBokcOtlFj1Qdc2vYuOylu9Td1RMw2WengZDJAM92Cwc0EZmuHPTnyK64ku6DEn1GD07pCS5uaO5NyRG4sbc+ACCETj+2jfqf8AyKOpRtRh8eN1HorGtNPTuHpFSAC4vGopoX8jzeRwuBxRxM8JwWnpWBlPDHG0C3UaAfM8T5oM9AQEBAQEBAQEBAQEBAQEBAQEBAQEBAQUT/Rs/a1n7uH8UqOyvVHHPm6OH+0E3o4+BZ6Tw9UR9JZg00te1lx1KdnNq6vHquaOCf0OlhAN4wHVD2uc4N6zhZhOUk6G3DXiuuIvv42egomUfQsOaQzmSV7nPlkLRFbPI4lzrXNuxHXQDPVHh+SOKT/o3/tMQ/wPxTo7Kxt6PxNW/uXfkjjUbi/iWL95N/McgheM0DKja7opM2RzBfK5zHfsj8ppBCOsenfPsriJY7NLQVBuD3DmBw6RgIv84W8ji9aKrZNG2SJ4ex4Dmuabgg8CCg90BAQEBAQEBAQEBAQEBAQEBAQEBAQEGmx8VxsKI0zbtN3T9ISHfJLWsFjbXigrbYzdrieFzGWnqqQ5m5XMeJS1wBuL2FwQeY7UEuxLBcUq2GKWtp6aNws70WJ7pHNPEB8jhkuLi4B4oNtsjslTYZD0dMy17Z3u1keRwL3eZ0FgLoK8du1r6CvdUYTPE2OQnqSaBrSbljhYh7QdRaxFvbx1m7cbtqrEKZjpKwTVbHEgOHR04a4WdHG0XLTcNOc3JtyFgOuJBhmFYtBTAGrgnmIDT0rHNjjDWkAsyDNI8k3LnEDQWHEkI9u92AxDCZZHMmpJGy5BIHdKDZhJu0gcbPdx01QSjb/Bq2tgfTUz6eOKVmV7pOkMnHUNDRYCwHeg1+wezmIYbTGnL6SRg6RzD8KHB7jmAdpYtuT3oNHLsDiZxQYj6RRiUEdS0uSwbly8L8DxQTvFsAGIUJp65rMzhqYrkMeL5XxlwuCO/vQQ7YjYzFcLzRx1VNLAXX6OQSi2urmWHUJHEai6Cz0BAQEBAQEBAQEBAQEBAQEBAQEBAQEBAQEBAQEBAQEBAQEBAQEBAQEBAQEBAQEBAQf/2Q==\" alt=\"\" width=\"164\" height=\"77\" />&nbsp;&nbsp;<span style=\"color: #0000ff;\"><span style=\"color: #3366ff;\">Đ&ocirc;ng &Aacute;</span>,</span> chi nh&aacute;nh quận 4, chủ t&agrave;i khoản <strong>L&ecirc; H&ugrave;ng T&acirc;m</strong>, số t&agrave;i khoản <strong>0102.660.983.</strong></li>\r\n</ul>\r\n<p>Sau khi trung t&acirc;m nhận được ph&iacute; chuyển khoản sẽ LH lại cho gia sư ( Khoảng 5-10 ph&uacute;t sau khi c&aacute;c bạn chuyển khoản ), v&agrave; gửi th&ocirc;ng tin lớp học chi tiết, giờ hẹn PH.</p>\r\n<p>Xin Cảm ơn !</p>\r\n<p>&nbsp;</p>','none.gif','2014-09-18 10:14:35',0,5,'2014-10-01 19:49:37',2,0),(22,'Đăng ký làm gia sư','<p>Đăng k&yacute; l&agrave;m gia sư</p>',0,'<p><span style=\"color: #ff0000;\">Bạn vừa đăng k&yacute; l&agrave;m gia sư th&agrave;nh c&ocirc;ng.</span></p>\r\n<p><span style=\"color: #000080;\">Gia Sư T&acirc;m</span> đ&atilde; gửi email th&ocirc;ng b&aacute;o đến hộp thư của bạn.</p>\r\n<p>Xin vui l&ograve;ng kiểm tra email.&nbsp;</p>\r\n<p>&nbsp;</p>\r\n<p>Quay lại trang chủ&nbsp;<a title=\"Trở về trang chủ\" href=\"http://giasu-tam.com\">tại đ&acirc;y</a></p>','none.gif','2014-09-19 19:37:09',0,5,'2014-10-05 20:40:59',2,0),(25,'Đăng ký tìm gia sư','<p>Đăng k&yacute; t&igrave;m gia sư</p>',0,'<p><span style=\"color: #ff0000;\">Cảm ơn bạn đ&atilde; đăng k&yacute; t&igrave;m gia sư tr&ecirc;n <span style=\"color: #000080;\">Giasu-tam.com</span></span></p>\r\n<p><span style=\"color: #ff0000;\">Những th&ocirc;ng tin mới nhất về gia sư sẽ được gửi th&ocirc;ng qua email hoặc t&agrave;i khoản của bạn.</span></p>\r\n<p>&nbsp;</p>\r\n<p><span style=\"color: #ff0000;\">&gt;&gt;&gt; Y&Ecirc;U CẦU CHI TIẾT TH&Ecirc;M VỀ GIA SƯ&nbsp;<a title=\"Gửi th&ocirc;ng tin t&igrave;m gia sư\" href=\"/user/contact\">tại đ&acirc;y</a>&nbsp;&lt;&lt;&lt;</span></p>','none.gif','2014-09-30 21:22:01',0,5,'2014-10-08 03:23:21',1,0),(27,'10 bí quyết học tập hiểu quả','<h3 class=\"title\">&nbsp;</h3>',0,'<h3 class=\"title\">10 b&iacute; quyết học tập hiệu quả</h3>\r\n<p class=\"introtext\">Tại sao c&oacute; người học k&eacute;m? Tại sao c&oacute; người học giỏi? Thực ra học k&eacute;m hay giỏi kh&ocirc;ng phải l&agrave; bản chất, m&agrave; phần nhiều l&agrave; do họ chưa biết đ&acirc;u l&agrave; những b&iacute; quyết cần thiết để học giỏi m&agrave; th&ocirc;i.</p>\r\n<div class=\"detail-content\"><span style=\"background-color: #808000;\">1. </span>Chọn thời điểm v&agrave; kh&ocirc;ng gian y&ecirc;n tĩnh.\r\n<p>Bạn cần một kh&ocirc;ng gian y&ecirc;n tĩnh, tr&aacute;nh ồn &agrave;o như vậy bạn sẽ dễ d&agrave;ng tập trung hơn. N&ecirc;n&nbsp;ngồi gần cửa sổ, c&agrave;ng tiếp x&uacute;c với &aacute;nh s&aacute;ng tự nhi&ecirc;n v&agrave; luồng kh&ocirc;ng kh&iacute; lưu th&ocirc;ng đều trong ph&ograve;ng.</p>\r\n<span style=\"background-color: #808000;\">2.</span> Học buổi s&aacute;ng l&agrave; tốt nhất. Kh&ocirc;ng thức đ&ecirc;m nhiều, nhất l&agrave; trước kỳ thi.\r\n<p>X&aacute;c định thời điểm học cũng rất quan trọng. Khả năng lao động tr&iacute; &oacute;c của con người tăng dần từ s&aacute;ng sớm tới gần trưa, sau đ&oacute; giảm dần - sau bữa ăn trưa n&ecirc;n c&oacute; ngủ trưa ch&uacute;t &iacute;t từ 20-30 ph&uacute;t cũng được. Hiệu suất học buổi trưa c&ograve;n cao hơn buổi s&aacute;ng, đặc biệt đối với những m&ocirc;n học kh&oacute;.</p>\r\n<p>Buổi chiều c&oacute; hơi giảm v&agrave;o giờ ăn tối. Sau đ&oacute;, dường như c&oacute; một chu kỳ mới v&agrave; khả năng tr&iacute; &oacute;c lại tăng dần cho tới khoảng 21 giờ, sau đ&oacute; lại giảm. Kh&ocirc;ng n&ecirc;n thức sau 22 giờ - v&igrave; đầu &oacute;c sau một ng&agrave;y l&agrave;m việc dường như đ&atilde; b&atilde;o h&ograve;a, kh&ocirc;ng c&ograve;n tiếp thu th&ecirc;m được nữa. L&uacute;c rời b&agrave;n học, c&aacute;c bạn c&oacute; thể lật qua, lướt mau những d&ograve;ng đầu của c&aacute;c b&agrave;i đ&atilde; &ocirc;n từ đầu để x&aacute;c định m&igrave;nh đ&atilde; học được tới đ&acirc;u. L&agrave;m như vậy cũng tựa như m&igrave;nh gởi tất cả v&agrave;o tiềm thức bộ nhớ trước khi đưa n&atilde;o v&agrave;o giấc ngủ.</p>\r\n<span style=\"background-color: #808000;\">3.</span> Ngủ kh&ocirc;ng đủ sẽ l&agrave;m n&atilde;o bộ hoạt động k&eacute;m hơn b&igrave;nh thường.\r\n<p>Trung b&igrave;nh ch&uacute;ng ta cần ngủ khoảng 8 tiếng một ng&agrave;y, nhiều nhất l&agrave; về đ&ecirc;m, để cho ấn tượng ng&agrave;y h&ocirc;m trước dịu nhạt, những ấn tượng ng&agrave;y mới chưa h&igrave;nh th&agrave;nh, s&aacute;ng sớm tỉnh dậy c&oacute; một bộ &oacute;c \"mới tinh\", c&oacute; khả năng hoạt động tốt nhất. Vả lại, c&oacute; ngủ được say th&igrave; trong giấc ngủ v&agrave;o giai đoạn c&oacute; giấc mơ, cũng l&agrave; l&uacute;c m&agrave; c&aacute;c k&iacute;ch th&iacute;ch tố tăng trưởng được tiết ra gi&uacute;p ch&uacute;ng m&igrave;nh mau lớn th&ecirc;m nữa.</p>\r\n<span style=\"background-color: #808000;\">4.</span> Đặt ra mục ti&ecirc;u v&agrave; cố gắng hết sức ho&agrave;n th&agrave;nh mục ti&ecirc;u đ&oacute;.\r\n<p>- Theo quy luật 90/10, cứ 10 ph&uacute;t bạn bỏ ra để lập kế hoạch th&igrave; bạn sẽ tiết kiệm được 90% thời gian ho&agrave;n th&agrave;nh v&agrave; hiệu quả c&ocirc;ng việc. - Từ b&acirc;y giờ bạn h&atilde;y lấy một tờ giấy v&agrave; x&aacute;c định lại mục ti&ecirc;u&nbsp;luyện thi đại học của m&igrave;nh:</p>\r\n<p>+ Bạn định thi đỗ trường n&agrave;o?</p>\r\n<p>+ Số điểm dự kiến l&agrave; bao nhi&ecirc;u?</p>\r\n<p>+ Bạn thực sự muốn chiến thắng?</p>\r\n<p>- Sau đ&oacute; bạn h&atilde;y l&ecirc;n lịch cho từng c&ocirc;ng việc cụ thể để tiến tới mục ti&ecirc;u đ&oacute;. C&oacute; ai đ&oacute; đ&atilde; n&oacute;i rằng ch&uacute;ng ta kh&ocirc;ng bao giờ c&oacute; đủ thời gian để l&agrave;m tất cả mọi việc, nhưng lu&ocirc;n c&oacute; đủ để l&agrave;m những việc quan trọng nhất.</p>\r\n<p>Mỗi ng&agrave;y bạn đừng tham lam l&agrave;m hết tất cả mọi việc, &ocirc;n hết tất cả c&aacute;c m&ocirc;n m&agrave; h&atilde;y lập ra một bảng ưu ti&ecirc;n c&aacute;c m&ocirc;n v&agrave; kế hoạch &ocirc;n từng ng&agrave;y.</p>\r\n<p>Khi bạn thi đại học, đương nhi&ecirc;n c&aacute;c m&ocirc;n thi đại học vẫn l&agrave; ưu ti&ecirc;n h&agrave;ng đầu, nhưng bạn cũng đừng c&oacute; bỏ qu&aacute; nhiều thời gian v&agrave;o đ&oacute;. Khoa học đ&atilde; chứng minh rằng, nếu bạn học một m&ocirc;n li&ecirc;n tục qu&aacute; 45 ph&uacute;t th&igrave; khả năng nhớ sẽ giảm rất nhanh trong thời gian sau đ&oacute;.</p>\r\n<p>T&oacute;m lại bạn h&atilde;y l&ecirc;n một c&aacute;i lịch cụ thể cho h&agrave;ng ng&agrave;y, h&agrave;ng tuần, h&agrave;ng th&aacute;ng, v&agrave;i th&aacute;ng. Định ra việc g&igrave; l&agrave; quan trọng hơn th&igrave; l&agrave;m trước.</p>\r\n<span style=\"background-color: #808000;\">5.</span> Tập trung cao độ trong khoảng 1 tiếng rồi nghỉ giải lao, tr&aacute;nh ngồi l&igrave; 3-4 tiếng li&ecirc;n tục.\r\n<p>Thời gian học hiệu quả thường khoảng 45 ph&uacute;t sau đ&oacute; h&atilde;y nghỉ ngơi thư gi&atilde;n một ch&uacute;t. V&agrave; nếu bạn cảm thấy qu&ecirc;n kiến thức th&igrave; cũng đừng c&oacute; cố gắng qu&aacute; để nhớ lại n&oacute; l&agrave;m g&igrave; cả. Nguy&ecirc;n tắc của học hiệu quả l&agrave; phải để cho đầu &oacute;c thư gi&atilde;n, rồi tự kiến thức n&oacute; sẽ về. Nếu bạn muốn &ocirc;n lại b&agrave;i th&igrave; h&atilde;y &ocirc;n lại sau đ&oacute; 10 ph&uacute;t, rồi 1 ng&agrave;y, rồi 1 tuần, v&agrave; một th&aacute;ng.</p>\r\n<span style=\"background-color: #808000;\">6.</span> D&ugrave;ng phương ph&aacute;p ghi nhớ hiệu quả như sơ đồ Mind map\r\n<p>L&agrave;m sao để nhớ cả bảng hệ thống tuần ho&agrave;n? Nhớ tất cả c&aacute;c sự kiện lịch sử trong s&aacute;ch? Bạn h&atilde;y thực hiện theo c&aacute;ch sau:</p>\r\n<p>- <em>Ghi th&agrave;nh d&agrave;n b&agrave;i:</em></p>\r\n<p>- <em>Nhẩm trong &oacute;c:</em></p>\r\n<p>- <em>Ghi ra giấy:</em> &nbsp;</p>\r\n<p>Nhất l&agrave; những c&ocirc;ng thức, những định l&yacute;, định đề. Khi ghi, bạn chỉ t&oacute;m tắt phần quan trọng, sao cho khi mở trang giấy ra nhắc nhở lại bạn hệ thống b&agrave;i học bằng tr&iacute; nhớ m&agrave; kh&ocirc;ng cần mở s&aacute;ch.</p>\r\n<p>Tr&aacute;nh ghi rườm r&agrave;, dư thừa, vừa mất thời gan v&ocirc; &iacute;ch m&agrave; lại ph&iacute; sức. N&oacute;i chung l&agrave;m thế n&agrave;o để bạn c&oacute; thể tổng hợp c&aacute;c phương ph&aacute;p (nhẩm nhớ - ghi ch&eacute;p - v&agrave; lập d&agrave;n b&agrave;i) sao cho tạo được điều kiện để bạn đọc b&agrave;i mau thuộc đ&oacute; l&agrave; đ&iacute;ều quan trọng nhất.</p>\r\n<p>N&ecirc;n cố gắng tập trung v&agrave;o những kiến thức cơ bản. Khối kiến thức n&agrave;y thường tập trung ở một số mảng, v&iacute; dụ: kh&aacute;i niệm, giả thuyết, quy luật, l&yacute; luận...</p>\r\n<p>Khi học, cần hiểu r&otilde; bản chất của vấn đề, &nbsp;phải x&aacute;c định c&aacute;c đặc điểm, c&aacute;ch thức vận dụng những kh&aacute;i niệm, quy luật, l&yacute; thuyết... trong việc giải quyết những vấn đề cụ thể. Từ đ&oacute;, y&ecirc;u cầu tiếp theo l&agrave; phải luyện tập để h&igrave;nh th&agrave;nh kỹ năng giải quyết vấn đề (đề thi cũng l&agrave; một dạng vấn đề cụ thể cần giải quyết).</p>\r\n<p>C&oacute; hai dạng: vận dụng theo mẫu v&agrave; vận dụng một c&aacute;ch s&aacute;ng tạo, linh hoạt<strong>.</strong> Khi &ocirc;n, n&ecirc;n ch&uacute; &yacute; vận dụng theo cả hai tuyến:</p>\r\n<p>- Theo chiều dọc: trong phạm vi c&ugrave;ng loại vấn đề, c&ugrave;ng chuy&ecirc;n m&ocirc;n, lĩnh vực...</p>\r\n<p>- Theo chiều ngang: trong phạm vi những chương mục, m&ocirc;n học kh&aacute;c nhau nhưng c&oacute; li&ecirc;n quan đến nhau... Sau khi đ&atilde; học xong l&yacute; thuyết, n&ecirc;n tự đặt ra những c&acirc;u hỏi li&ecirc;n quan đến nội dung &ocirc;n thi để kiểm tra tr&igrave;nh độ của m&igrave;nh. Đ&oacute; cũng l&agrave; một c&aacute;ch để nhớ l&acirc;u v&agrave; tạo cơ sở để tăng dung lượng tr&iacute; nhớ l&agrave;m việc (working memory).</p>\r\n<span style=\"background-color: #808000;\">7.</span> Tận dụng cả 2 b&aacute;n cầu n&atilde;o để đạt hiệu quả tối đa.\r\n<p>Tại sao c&oacute; người học k&eacute;m? Tại sao c&oacute; người học giỏi? Thực ra học k&eacute;m hay giỏi kh&ocirc;ng phải l&agrave; bản chất, m&agrave; phần nhiều l&agrave; do họ chưa biết c&aacute;ch điều khiển bộ n&atilde;o của m&igrave;nh m&agrave; th&ocirc;i. N&atilde;o bạn c&oacute; 2 b&aacute;n cầu, n&atilde;o tr&aacute;i chủ yếu cho tư duy logic, ng&ocirc;n ngữ c&ograve;n n&atilde;o phải l&agrave; cho tưởng tượng h&igrave;nh ảnh.</p>\r\n<p>Từ trước đến giờ người ta dạy c&aacute;c bạn l&agrave; đa số t&aacute;c động v&agrave;o n&atilde;o tr&aacute;i, tức l&agrave; giảng to&agrave;n chữ n&ecirc;n trong giờ học, n&atilde;o phải của bạn kh&ocirc;ng c&oacute; việc l&agrave;m, cứ tưởng tượng m&ocirc;ng lung dẫn đến kh&ocirc;ng tập trung g&igrave; cả. V&igrave; vậy, muốn học hiệu quả ch&uacute;ng ta phải t&igrave;m c&aacute;ch vận dụng cả 2 n&atilde;o của m&igrave;nh. Một phương ph&aacute;p đơn giản nhất gi&uacute;p học c&aacute;c m&ocirc;n học thuộc dễ hơn cả ch&iacute;nh l&agrave; tưởng tượng. Từ b&acirc;y giờ bạn h&atilde;y t&igrave;m c&aacute;ch tưởng tượng thật nhiều v&agrave;o.</p>\r\n<span style=\"background-color: #808000;\">8.</span> Hạn chế nghe nhạc trong khi học. Trừ nhạc Baroque.\r\n<p>Nếu c&oacute; thể, bạn h&atilde;y t&igrave;m loại nhạc Baroque để l&agrave;m nền khi học. Người ta n&oacute;i rằng loại nhạc n&agrave;y c&oacute; thể r&uacute;t ngắn thời gian học tiếng anh hiệu quả từ 3 năm xuống c&ograve;n 3 th&aacute;ng. Bạn c&oacute; nghe thử 1 bản nhạc Baroque dưới đ&acirc;y được tr&iacute;ch trong bản giao hưởng Bốn m&ugrave;a của Vivaldi.Tất nhi&ecirc;n nếu bạn l&agrave; một người \"nhạy cảm\" với &acirc;m thanh khi học thấy kh&ocirc;ng hiệu quả hoặc kh&ocirc;ng tập trung được th&igrave; tốt nhất kh&ocirc;ng n&ecirc;n nghe loại nhạc n&agrave;o hết.</p>\r\n<span style=\"background-color: #808000;\">9.</span> Kh&ocirc;ng học khi vừa ăn xong.\r\n<p>\"Căng da bụng, ch&ugrave;ng da mắt\", điều n&agrave;y khỏi phải b&agrave;n c&atilde;i nữa nhỉ.</p>\r\n<span style=\"background-color: #808000;\">10.</span> Kết hợp giải lao vận động nhẹ nh&agrave;ng như đi dạo, đạp xe, chơi Wii&hellip;\r\n<p>Những ph&uacute;t giải lao n&agrave;y c&oacute; mục đ&iacute;ch l&agrave;m thư gi&atilde;n thần kinh, tr&iacute; &oacute;c. N&ecirc;n đi đi, lại lại, giải tr&iacute; bằng tr&ograve; chơi nhẹ nh&agrave;ng, vui vẻ, tr&aacute;nh vận động nhiều v&agrave; mạnh.</p>\r\n<p style=\"text-align: right;\"><em>THEO HOA HỌC TR&Ograve;&nbsp;</em></p>\r\n</div>','cangthang.jpg','2014-10-08 10:28:26',0,1,'2014-10-08 15:08:02',2,0),(26,'GIỚI THIỆU GIA SƯ','<p>Giới thiệu d&agrave;nh cho gia sư</p>',0,'<p><em>Đ&ecirc;̉ đáp ứng nhu c&acirc;̀u tìm gia sư ch&acirc;́t lượng cao cho các b&acirc;̣c phụ huynh và học sinh, TTGS T&acirc;m rất mong được hợp t&aacute;c với:</em></p>\r\n<p><em><strong>+Gi&aacute;o vi&ecirc;n c&aacute;c trường Tiểu Học, Trung Học, Cao Đẳng, Đại học<br />+ Sinh vi&ecirc;n c&aacute;c trường Cao Đẳng, Đại Học tr&ecirc;n địa b&agrave;n TP.HCM.</strong></em></p>\r\n<p><em>Ch&uacute;ng t&ocirc;i mong muốn m&igrave;nh l&agrave; nơi đầu ti&ecirc;n qu&yacute; thầy c&ocirc; gi&aacute;o v&agrave; c&aacute;c bạn sinh vi&ecirc;n lựa chọn khi cần một nơi&nbsp;<strong><a href=\"http://www.trungtamdaykem.com/\">dạy k&egrave;m</a>&nbsp;đ&aacute;ng tin cậy</strong>.</em><em>&nbsp;</em></p>\r\n<p><em><strong>Đến với ch&uacute;ng t&ocirc;i qu&yacute; gia sư sẽ đươc hưởng c&aacute;c quyền lợi sau:</strong></em></p>\r\n<p><em>+ Đươc đảm bảo lớp dạy theo đ&uacute;ng y&ecirc;u cầu,gần nh&agrave;, thu nhập cao, ổn định.</em></p>\r\n<p><em>+ Tr&aacute;nh được việc&nbsp;gia sư&nbsp;gặp nhiều rủi ro trong việc t&igrave;m lớp dạy ở những trung t&acirc;m thiếu uy t&iacute;n.</em></p>\r\n<p><em>+ &nbsp;Đươc <strong>Gia Sư T&acirc;m</strong> hổ trợ khi gặp kh&oacute; khăn trong c&ocirc;ng t&aacute;c giảng dạy.</em></p>\r\n<p><em>+ Đặc biệt sinh vi&ecirc;n sẽ <strong>được lựa chọn dạy một m&ocirc;n</strong> ph&ugrave; hợp với khả năng của m&igrave;nh. Khi giảng dạy SV kh&ocirc;ng tốn nhiều thời gian soạn b&agrave;i m&agrave; vẫn đem lại hiệu quả cao, mang lại sự h&agrave;i l&ograve;ng cho phụ hunh, học sinh.</em></p>\r\n<p><em><strong>C&aacute;c thức đăng k&iacute;:</strong></em></p>\r\n<p><em>+ ĐK qua tin nhắn (Họ&amp;t&ecirc;n, tuổi,trường đang theo học, lớp , m&ocirc;n , nơi c&oacute; thể dạy (quận), gửi 0919176446.</em></p>\r\n<p><em>+ Gọi trực tiếp &nbsp;0909.36.1963 (Thầy T&acirc;m).</em></p>\r\n<p><em>+ Đến TTGS T&acirc;m 157 L&acirc;m Văn Bền, P.B&igrave;nh Thuận, Q.7.</em></p>\r\n<p><em>Ch&uacute;ng sẽ sắp xếp lớp dạy ph&ugrave; hợp v&agrave; li&ecirc;n hệ lại trong thời gian sớm nhất cho qu&yacute; gia sư .</em></p>\r\n<p><strong><em>Xin cảm ơn!</em></strong></p>\r\n<p>&nbsp;</p>\r\n<p><strong>_ ĐC : 157 L&acirc;m VănBền, P.B&igrave;nhThuận, quận7, TP.HCM</strong></p>\r\n<p><strong>_SĐT : 0919176446 ( C&ocirc; Nhung ) 0909361963 ( Thầy T&acirc;m )</strong></p>\r\n<p><strong>_EMAIL:</strong> lienhe@giasu-tam.com</p>\r\n<p><strong>_WEBSITE :</strong> <a href=\"http://giasu-tam.com/\">http://giasu-tam.com/</a></p>\r\n<p><strong>_FB :</strong> <a href=\"https://www.facebook.com/giasutam\">https://www.facebook.com/giasutam</a></p>','none.gif','2014-10-01 18:32:47',0,6,'2014-10-01 21:32:47',2,0),(28,'Cách học mau giỏi tiếng anh','<p>Nguy&ecirc;n tắc học tiếng anh</p>',0,'<h2><span class=\"font-arial\">Nguy&ecirc;n tắc <a title=\"hoc tieng anh\" href=\"http://kenhtuyensinh.vn/hoc-tieng-anh\" target=\"_blank\">học tiếng Anh</a> hay bất k&igrave; ngoại ngữ n&agrave;o cần biết</span></h2>\r\n<p><span class=\"font-arial\">H&atilde;y tưởng tượng bạn n&oacute;i tiếng Anh một c&aacute;ch tự nhi&ecirc;n... kh&ocirc;ng cần suy nghĩ. Từ ngữ tu&ocirc;n ra từ miệng một c&aacute;ch dễ d&agrave;ng, v&agrave; nhanh. Sau đ&acirc;y l&agrave; chia sẻ 7 nguy&ecirc;n tắc học tiếng Anh của một chuy&ecirc;n gia dạy <a title=\"tieng anh\" href=\"http://kenhtuyensinh.vn/tieng-anh\" target=\"_blank\">tiếng Anh</a> tr&ecirc;n trang web edufire v&agrave; rất được nhiều người ủng hộ. Mục ti&ecirc;u của bạn: H&atilde;y tưởng tượng n&oacute;i tiếng Anh một c&aacute;ch tự động... kh&ocirc;ng cần suy nghĩ. Từ ngữ tu&ocirc;n ra từ miệng bạn một c&aacute;ch dễ d&agrave;ng, v&agrave; nhanh.</span></p>\r\n<h3><span class=\"font-arial\">Bạn hiểu ngay lập tức.</span></h3>\r\n<p><span class=\"font-arial\">Để l&agrave;m được điều n&agrave;y, bạn phải thay đổi ngay c&aacute;ch bạn học tiếng Anh. Việc đầu ti&ecirc;n l&agrave; bạn phải dừng ngay lại việc học c&aacute;c từ tiếng Anh? C&aacute;i g&igrave;?</span><br /><span class=\"font-arial\">Dừng ngay lại việc học c&aacute;c từ Tiếng Anh. Đ&uacute;ng thế, đừng ghi nhớ c&aacute;c từ. Người bản ngữ kh&ocirc;ng học tiếng Anh bằng c&aacute;ch nhớ c&aacute;c từ ri&ecirc;ng biệt. Người bản ngữ học c&aacute;ch n&oacute;i cả Nh&oacute;m từ. Nh&oacute;m từ l&agrave; một số c&aacute;c từ được đi với nhau một c&aacute;ch tự nhi&ecirc;n.</span></p>\r\n<p><span class=\"font-arial\"><img title=\"Bảy nguy&ecirc;n tắc gi&uacute;p bạn học tiếng anh nhanh v&agrave; hiệu quả | hoc tieng anh\" src=\"http://kenhtuyensinh.vn/images/2013/05/Tu-hoc-tieng-anh.jpg\" alt=\"Bảy nguy&ecirc;n tắc gi&uacute;p bạn học tiếng anh nhanh v&agrave; hiệu quả | hoc tieng anh\" width=\"498\" height=\"319\" border=\"0\" /></span></p>\r\n<h2><em><span class=\"font-arial\">Bảy nguy&ecirc;n tắc gi&uacute;p bạn học tiếng anh nhanh v&agrave; hiệu quả | <a title=\"hoc tieng anh\" href=\"http://kenhtuyensinh.vn/hoc-tieng-anh\" target=\"_blank\">hoc tieng anh</a></span></em></h2>\r\n<h3><span class=\"font-arial\">Học nhanh l&ecirc;n gấp 4 lần.</span></h3>\r\n<p><span class=\"font-arial\">Nghi&ecirc;n cứu của Tiến sỹ Dr. James Asher chứng minh rằng học bằng c&aacute;c nh&oacute;m từ, cả c&acirc;u sẽ l&agrave;m việc học nhanh hơn gấp 4-5 lần c&aacute;c từ ri&ecirc;ng biệt. Nhanh hơn gấp 4-5 lần. Hơn nữa, học sinh sinh vi&ecirc;n học c&aacute;c c&acirc;u c&oacute; Ngữ ph&aacute;p tốt hơn.</span></p>\r\n<h3><span class=\"font-arial\">Sau đ&acirc;y l&agrave; 1 số nguy&ecirc;n tắc cho c&aacute;c bạn học tiếng anh:</span></h3>\r\n<p><span class=\"font-arial\">Nguy&ecirc;n tắc số 1: Lu&ocirc;n học v&agrave; xem lại c&aacute;c nh&oacute;m từ, c&aacute;c cấu tr&uacute;c c&acirc;u, kh&ocirc;ng phải c&aacute;c từ ri&ecirc;ng biệt.</span></p>\r\n<ul>\r\n<li><span class=\"font-arial\">Khi bạn t&igrave;m thấy bất cứ một từ mới n&agrave;o, h&atilde;y viết c&aacute;i c&acirc;u c&oacute; từ đ&oacute; ở trong. Khi bạn &ocirc;n b&agrave;i, lu&ocirc;n lu&ocirc;n &ocirc;n cả nh&oacute;m từ, cả c&acirc;u, đừng &ocirc;n từ ri&ecirc;ng biệt.</span></li>\r\n<li><span class=\"font-arial\">H&atilde;y sưu tập c&aacute;c nh&oacute;m từ.</span></li>\r\n<li><span class=\"font-arial\">Tiếng Anh n&oacute;i v&agrave; ngữ ph&aacute;p của bạn sẽ tốt l&ecirc;n nhanh gấp 4-5 lần. Bao giờ cũng n&ecirc;n viết cả một c&acirc;u trọn vẹn.</span></li>\r\n<li><span class=\"font-arial\">Lu&ocirc;n lu&ocirc;n học đủ c&acirc;u.</span></li>\r\n<li><span class=\"font-arial\">H&atilde;y l&agrave;m một cuốn vở sưu tập nh&oacute;m từ, cả c&acirc;u.</span></li>\r\n<li><span class=\"font-arial\">Sưu tầm v&agrave; &ocirc;n lại c&aacute;c nh&oacute;m từ, c&aacute;c c&acirc;u thường xuy&ecirc;n. Kh&ocirc;ng bao giờ chỉ viết c&aacute;c từ ri&ecirc;ng biệt, bao giờ cũng viết đủ nh&oacute;m từ v&agrave; c&acirc;u. Lu&ocirc;n lu&ocirc;n &ocirc;n lại c&aacute;c nh&oacute;m từ v&agrave; c&acirc;u.</span></li>\r\n</ul>\r\n<h3><span class=\"font-arial\">Nguy&ecirc;n tắc thứ 2: Kh&ocirc;ng học ngữ ph&aacute;p</span></h3>\r\n<ul>\r\n<li><span class=\"font-arial\">H&atilde;y dừng ngay lại việc học ngữ ph&aacute;p. C&aacute;c nguy&ecirc;n tắc ngữ ph&aacute;p dạy bạn phải NGHĨ VỀ TIẾNG ANH, nhưng bạn muốn n&oacute;i Tiếng Anh một c&aacute;ch tự nhi&ecirc;n - kh&ocirc;ng phải NGHĨ. ==&gt; C&aacute;c b&agrave;i viết về <a title=\"ngữ ph&aacute;p tiếng anh\" href=\"http://kenhtuyensinh.vn/ngu-phap-tieng-anh\" target=\"_blank\">ngữ ph&aacute;p tiếng anh</a><br /></span></li>\r\n<li><span class=\"font-arial\">Với hệ thống n&agrave;y, bạn c&oacute; thể học Tiếng Anh m&agrave; kh&ocirc;ng cần học ngữ ph&aacute;p. <em>Tiếng Anh</em> n&oacute;i của bạn sẽ tiến bộ rất nhanh. Bạn sẽ th&agrave;nh c&ocirc;ng. Bạn n&oacute;i tiếng Anh một c&aacute;ch TỰ NHI&Ecirc;N.</span></li>\r\n<li><span class=\"font-arial\">V&igrave; thế Nguy&ecirc;n tắc thứ 2 l&agrave;: Kh&ocirc;ng học ngữ ph&aacute;p.</span></li>\r\n</ul>\r\n<h3><br /><span class=\"font-arial\">Nguy&ecirc;n tắc thứ 3: Nguy&ecirc;n tắc quan trọng nhất - Nghe trước.</span></h3>\r\n<ul>\r\n<li><span class=\"font-arial\">Nghe, nghe, nghe. Bạn cần phải nghe một thứ tiếng Anh c&oacute; thể hiểu được. Bạn phải nghe tiếng Anh h&agrave;ng ng&agrave;y. Đừng đọc s&aacute;ch gi&aacute;o khoa. H&atilde;y nghe tiếng Anh. Điều n&agrave;y thật đơn giản. Đ&acirc;y l&agrave; ch&igrave;a kh&oacute;a đến th&agrave;nh c&ocirc;ng trong học Tiếng Anh của bạn, Bắt đầu Nghe h&agrave;ng ng&agrave;y.</span></li>\r\n<li><span class=\"font-arial\">Học với Tai của bạn, Kh&ocirc;ng phải Mắt của bạn.</span></li>\r\n<li><span class=\"font-arial\">Tại hầu hết c&aacute;c trường, bạn học tiếng Anh với Mắt của bạn. Bạn đọc s&aacute;ch gi&aacute;o khoa. Bạn học c&aacute;c nguy&ecirc;n tắc ngữ ph&aacute;p..</span></li>\r\n<li><span class=\"font-arial\">Nhưng b&acirc;y giờ bạn phải học tiếng Anh với Tai của bạn, kh&ocirc;ng phải Mắt của bạn. Bạn n&ecirc;n nghe 1-3 tiếng mỗi ng&agrave;y. D&agrave;nh hầu hết thời gian của bạn để Nghe &ndash; đ&oacute; l&agrave; ch&igrave;a kh&oacute;a cho việc n&oacute;i tốt tiếng Anh. ==&gt; Nguy&ecirc;n tắc khi <a title=\"luyện nghe tiếng anh\" href=\"http://kenhtuyensinh.vn/phuong-phap-nang-cao-ky-nang-nghe-tieng-anh\" target=\"_blank\">luyện nghe tiếng anh</a><br /></span></li>\r\n</ul>\r\n<h3><br /><span class=\"font-arial\">Nguy&ecirc;n tắc thứ 4: Học chậm, học s&acirc;u l&agrave; tốt nhất.</span></h3>\r\n<ul>\r\n<li><span class=\"font-arial\">B&iacute; mật của việc n&oacute;i một c&aacute;ch dễ d&agrave;ng l&agrave; học từ, nh&oacute;m từ v&agrave; c&acirc;u một c&aacute;ch chuy&ecirc;n s&acirc;u nhất. Để hiểu một định nghĩa, kh&aacute;i niệm l&agrave; kh&ocirc;ng đủ. Để nhớ cho c&aacute;c b&agrave;i kiểm tra cũng l&agrave; kh&ocirc;ng đủ. Bạn phải đưa c&aacute;c từ ấy v&agrave;o s&acirc;u trong tr&iacute; n&atilde;o của bạn. Để n&oacute;i tiếng Anh một c&aacute;ch dễ d&agrave;ng, bạn phải &ocirc;n đi &ocirc;n lại c&aacute;c b&agrave;i học rất nhiều lần.</span></li>\r\n<li><span class=\"font-arial\">Học chuy&ecirc;n s&acirc;u thế n&agrave;o? Rất dễ - chỉ cần nhắc lại &ocirc;n lại c&aacute;c b&agrave;i học hay nghe th&agrave;nh nhiều lần. V&iacute; dụ, nếu bạn c&oacute; những cuốn s&aacute;ch nghe (Đĩa chuyện), h&atilde;y lắng nghe chương Một 30 lần trước khi nghe Chương Hai. Bạn c&oacute; thể nghe Chương Một 3 lần mỗi ng&agrave;y, trong v&ograve;ng 10 ng&agrave;y.</span></li>\r\n</ul>\r\n<h4><span class=\"font-arial\">Học ngữ ph&aacute;p một c&aacute;ch chuy&ecirc;n s&acirc;u.</span></h4>\r\n<p><span class=\"font-arial\">Thế ngữ ph&aacute;p th&igrave; sao? Bạn học chuy&ecirc;n s&acirc;u thế n&agrave;o m&agrave; kh&ocirc;ng cần học c&aacute;c nguy&ecirc;n tắc ngữ ph&aacute;p? T&ocirc;i sẽ n&oacute;i với bạn c&aacute;ch học ngữ ph&aacute;p một c&aacute;ch tự nhi&ecirc;n. H&atilde;y sử dụng phương ph&aacute;p sau v&agrave; ngữ ph&aacute;p sẽ tiến bộ một c&aacute;ch tự động. Bạn sử dụng c&aacute;c c&aacute;ch sử dụng c&aacute;c th&igrave; động từ một c&aacute;ch tự động. Bạn kh&ocirc;ng phải nghĩ. Bạn kh&ocirc;ng phải thử.</span></p>\r\n<h3><span class=\"font-arial\">Nguy&ecirc;n tắc thứ 5: H&atilde;y sử dụng c&aacute;c c&acirc;u chuyện ngắn</span></h3>\r\n<p><span class=\"font-arial\">Ch&uacute;ng t&ocirc;i gọi c&aacute;c c&acirc;u chuyện n&agrave;y l&agrave; &ldquo;C&aacute;c c&acirc;u chuyện ngắn với th&igrave; kh&aacute;c nhau&rdquo;. Đ&acirc;y l&agrave; c&aacute;ch hiệu quả nhất để học v&agrave; sử dụng Ngữ ph&aacute;p tiếng Anh một c&aacute;ch tự động. Bạn phải học Ngữ ph&aacute;p bằng c&aacute;ch nghe tiếng Anh thực thụ. C&aacute;ch tốt nhất l&agrave; nghe c&aacute;c c&acirc;u chuyện được kể qua &ldquo;th&igrave;&rdquo; thời gian kh&aacute;c nhau: Qu&aacute; khứ, Ho&agrave;n th&agrave;nh, Hiện Tại, Tương lai.</span></p>\r\n<p><span class=\"font-arial\">Bạn l&agrave;m thế n&agrave;o? Đơn giản! T&igrave;m một c&acirc;u chuyện hay một mẩu b&aacute;o với th&igrave; hiện tại. Sau đ&oacute; nhờ một gi&aacute;o vi&ecirc;n/gia sư Người bản ngữ viết lại với Th&igrave; qu&aacute; khứ, Ho&agrave;n th&agrave;nh, v&agrave; Tương lai. Sau đ&oacute;, h&atilde;y nhờ họ đọc v&agrave; ghi lại c&aacute;c c&acirc;u chuyện đ&oacute; cho bạn.</span><br /><br /><span class=\"font-arial\">Sau đ&oacute; bạn c&oacute; thể nghe c&aacute;c c&acirc;u chuyện n&agrave;y với nhiều kiểu ngữ ph&aacute;p. Bạn kh&ocirc;ng cần phải biết c&aacute;c nguy&ecirc;n tắc ngữ ph&aacute;p. Chỉ cần Nghe c&aacute;c c&acirc;u chuyện từ c&aacute;c quan điểm kh&aacute;c nhau v&agrave; Ngữ ph&aacute;p của bạn sẽ tự động tốt l&ecirc;n.Bạn sẽ sử dụng Ngữ ph&aacute;p đ&uacute;ng một c&aacute;ch tự nhi&ecirc;n v&agrave; tự động.</span><br /><span class=\"font-arial\">Đấy l&agrave; b&iacute; mật để học Ngữ ph&aacute;p tiếng Anh. </span><br /><br /><span class=\"font-arial\">T&ocirc;i muốn bạn suy nghĩ về một điều n&agrave;y: Tại sao bạn học tiếng Anh 4 năm rồi m&agrave; bạn vẫn thấy kh&oacute; khăn để hiểu người bản ngữ?</span><br /><br /><span class=\"font-arial\">Kh&ocirc;ng c&oacute; vấn đề g&igrave; sai với bạn cả. Vấn đề nằm ở trong trường học bạn học tiếng Anh v&agrave; c&aacute;c s&aacute;ch gi&aacute;o khoa của bạn. S&aacute;ch gi&aacute;o khoa tiếng Anh v&agrave; c&aacute;c đĩa CD của s&aacute;ch gi&aacute;o khoa rất kh&ocirc;ng tốt. Bạn kh&ocirc;ng bao giờ học được tiếng Anh giao tiếp thực thụ. Bạn kh&ocirc;ng bao giờ học được tiếng Anh tự nhi&ecirc;n, thứ tiếng Anh được sử dụng trong c&aacute;c cuộc n&oacute;i chuyện th&ocirc;ng thường.</span></p>\r\n<h3><span class=\"font-arial\">Bạn học tiếng Anh của S&aacute;ch gi&aacute;o khoa.</span></h3>\r\n<p><span class=\"font-arial\">L&agrave;m sao để hiểu người bản ngữ?&nbsp; Bạn phải học c&aacute;i thứ tiếng Anh hội thoại tự nhi&ecirc;n. Để học thứ tiếng Anh thực thụ, bạn phải lắng nghe c&aacute;c cuộc hội thoại thực thụ bằng tiếng Anh, kh&ocirc;ng phải nghe c&aacute;c diễn vi&ecirc;n đọc trong băng đĩa. Bạn phải lắng nghe người bản ngữ n&oacute;i thứ tiếng Anh thực thụ. Bạn phải học tiếng Anh hội thoại thực thụ.</span></p>\r\n<p><span class=\"font-arial\">Bạn học tiếng Anh tự nhi&ecirc;n như thế n&agrave;o? Rất dễ d&agrave;ng. H&atilde;y ngừng ngay lại việc sử dụng S&aacute;ch gi&aacute;o khoa. Thay v&agrave;o đ&oacute;, h&atilde;y lắng nghe c&aacute;c cuộc hội thoại bằng tiếng Anh, phim ảnh, c&aacute;c chương tr&igrave;nh TV, s&aacute;ch chuyện, c&acirc;u chuyện qua đĩa nghe, c&aacute;c chương tr&igrave;nh radio bằng tiếng Anh. Sử dụng ng&ocirc;n ngữ hội thoại thực thụ. ==&gt;&nbsp; <a title=\"Download v&agrave; sử dụng gi&aacute;o tr&igrave;nh luyện nghe English Study Pro 2012\" href=\"http://kenhtuyensinh.vn/download-va-su-dung-giao-trinh-luyen-nghe-english-study-pro-2012\">Download v&agrave; sử dụng gi&aacute;o tr&igrave;nh luyện nghe English Study Pro 2012</a></span></p>\r\n<h3><span class=\"font-arial\">Nguy&ecirc;n tắc thứ 6: Chỉ sử dụng tiếng Anh hội thoại v&agrave; t&agrave;i liệu thực thụ</span></h3>\r\n<p><span class=\"font-arial\">Bạn c&oacute; thể học tiếng Anh hội thoại tự nhi&ecirc;n nếu bạn muốn hiểu người bản ngữ v&agrave; n&oacute;i một c&aacute;ch dễ d&agrave;ng. Sử dụng hội thoại thật, b&aacute;o, tạp ch&iacute; thật, chương tr&igrave;nh TV, phim, radio v&agrave; c&aacute;c s&aacute;ch nghe.</span></p>\r\n<p><span class=\"font-arial\">H&atilde;y t&igrave;m c&aacute;c nguồn hội thoại tiếng Anh thực thụ. Đọc v&agrave; Nghe h&agrave;ng ng&agrave;y.</span></p>\r\n<h3><span class=\"font-arial\">Nguy&ecirc;n tắc thứ 7: Đ&acirc;y l&agrave; nguy&ecirc;n tắc cuối c&ugrave;ng, v&agrave; l&agrave; nguy&ecirc;n tắc dễ nhất: Nghe v&agrave; Trả lời, kh&ocirc;ng phải Nghe v&agrave; Nhắc lại.</span></h3>\r\n<ul>\r\n<li><span class=\"font-arial\">H&atilde;y sử dụng c&aacute;c B&agrave;i học c&oacute; c&acirc;u chuyện Nghe v&agrave; Trả lời.</span></li>\r\n<li><span class=\"font-arial\">Trong c&aacute;c b&agrave;i học c&oacute; c&aacute;c c&acirc;u chuyện ngắn, người kể kể một c&acirc;u chuyện đơn giản. Người đ&oacute; cũng sẽ hỏi c&aacute;c c&acirc;u hỏi đơn giản. Mỗi khi bạn nghe c&aacute;c c&acirc;u hỏi, bạn dừng lại v&agrave; trả lời. Bạn sẽ học c&aacute;ch trả lời c&aacute;c c&acirc;u hỏi một c&aacute;ch nhanh ch&oacute;ng. tiếng Anh của bạn sẽ trở n&ecirc;n tự động.</span></li>\r\n<li><span class=\"font-arial\">Bạn sử dụng c&aacute;c c&acirc;u chuyện Nghe v&agrave; Trả lời thế n&agrave;o? Rất dễ! H&atilde;y t&igrave;m một người gi&aacute;o vi&ecirc;n/gia sư bản ngữ. Y&ecirc;u cầu họ sử dụng phương ph&aacute;p n&agrave;y: Y&ecirc;u cầu họ kể c&acirc;i chuyện, v&agrave; hỏi c&aacute;c c&acirc;u hỏi về c&acirc;u chuyện n&agrave;y. Điều n&agrave;y sẽ gi&uacute;p bạn Suy nghĩ nhanh bằng tiếng Anh!.</span></li>\r\n<li><span class=\"font-arial\">Nếu bạn kh&ocirc;ng c&oacute; gi&aacute;o vi&ecirc;n/gia sư bản ngữ, h&atilde;y sử dụng bạn của bạn, bố mẹ bạn...</span></li>\r\n</ul>\r\n<p>&nbsp;</p>\r\n<p><em><span class=\"font-arial\">Theo edufire</span></em></p>','gia-su-ly1.jpg','2014-10-08 10:57:52',0,1,'2014-10-08 14:57:52',2,0),(23,'Ứng tuyển vị trí gia sư cho lớp học','<p>Ứng tuyển vị tr&iacute; gia sư cho lớp học</p>',0,'<p>Bạn đ&atilde; ứng tuyển th&agrave;nh c&ocirc;ng cho lớp học.</p>\r\n<p>Ch&uacute;ng t&ocirc;i sẽ xem x&eacute;t hồ sơ v&agrave; th&ocirc;ng b&aacute;o kết quả cho bạn sớm nhất c&oacute; thể.</p>\r\n<p>Một email cũng được gửi v&agrave;o h&ograve;m thư của bạn.</p>\r\n<p>Xin vui l&ograve;ng kiểm tra lại th&ocirc;ng tin trong email.</p>\r\n<p>&nbsp;</p>\r\n<p>Xin cảm ơn.</p>','none.gif','2014-09-26 15:57:17',0,5,'2014-09-26 18:57:17',1,0),(24,'Bồi dưỡng văn hóa cho học sinh cấp III','<p><span style=\"color: #3366ff;\"><strong>Gia Sư T&acirc;m hiện c&oacute; mở lớp To&aacute;n , L&iacute;, H&oacute;a, Anh d&agrave;nh cho học sinh cấp III tại Trung t&acirc;m Gia Sư </strong></span></p>',0,'<p>Gia Sư T&acirc;m hiện c&oacute; mở lớp To&aacute;n , L&iacute;, H&oacute;a, Anh d&agrave;nh cho học sinh cấp III tại Trung t&acirc;m Gia Sư 157 L&acirc;m Văn Bền, P.B&igrave;nhThuận, quận7, TP.HCM, do c&aacute;c gi&aacute;o vi&ecirc;n giỏi ,kinh nghiệm đứng lớp giảng dạy, &nbsp;với phương ph&aacute;p giảng dạy dễ hiểu , tận t&acirc;m, nhiệt t&igrave;nh,kh&ocirc;ng gian học tho&aacute;ng m&aacute;t,sạch đẹp ,sẽ gi&uacute;p c&aacute;c bạn học sinh tiếp thu b&agrave;i hiệu quả, cải thiện kết quả học tập v&agrave; vượt qua được c&aacute;c k&igrave; thi quan trong. Học sinh hay qu&yacute; phụ huynh n&agrave;o c&oacute; nhu cầu học đăng k&iacute; &nbsp;cho con em</p>\r\n<p>tại :</p>\r\n<p>_ĐC : 157 L&acirc;m VănBền, P.B&igrave;nhThuận, quận7, TP.HCM</p>\r\n<p>_SĐT : 0919176446 ( C&ocirc; Nhung ) 0909361963 ( Thầy T&acirc;m )</p>\r\n<p>_EMAIL: lienhe@giasu-tam.com</p>\r\n<p>_WEBSITE : <a href=\"http://giasu-tam.com/\">http://giasu-tam.com/</a></p>\r\n<p>_FB : <a href=\"https://www.facebook.com/giasutam\">https://www.facebook.com/giasutam</a></p>\r\n<p>Rất vui được đ&oacute;n tiếp.</p>','10649705_493123290824431_3395343130287847466_n.jpg','2014-09-28 14:42:10',0,1,'2014-09-28 17:42:10',2,0),(29,'Bí quyết tìm gia sư giỏi cho phụ huynh','<p>Phụ huynh cần biết</p>',0,'<p><strong><span style=\"color: #ff0000;\">Trung t&acirc;m gia sư uy t&iacute;n v&agrave; chất lượng&nbsp;</span></strong></p>\r\n<p><span style=\"color: #ff0000; background-color: #ffffff;\">&nbsp;</span><strong>Với cuộc sống hối hả, hiện đại ng&agrave;y nay nhu cầu của con người rất đa dạng ở nhiều lĩnh vực : vui chơi, giải tr&iacute;, thư giản,ăn uống&hellip;trong đ&oacute; một nhu cầu quan trọng kh&ocirc;ng thể thiếu đ&oacute; l&agrave; nhu cầu học tập, gi&uacute;p n&acirc;ng cao kiến thức r&egrave;n luy&ecirc;n bản th&acirc;n.Đối tượng c&oacute; nhu cầu cao về lĩnh vực n&agrave;y l&agrave; c&aacute;c em học sinh,hằng ng&agrave;y đến lớp học tập, thu nhận kiến thức từ thầy c&ocirc; gi&aacute;o, bạn b&egrave;, để ho&agrave;n thiện m&igrave;nh hơn sau giờ học tr&ecirc;n lớp c&aacute;c em cũng cố kiến thức bằng c&aacute;ch học,l&agrave;m b&agrave;i tập về nh&agrave; &hellip;C&oacute; rất nhi&ecirc;u b&agrave;y tập kh&oacute;, thăc mắc m&agrave; c&aacute;c em kh&ocirc;ng biết phải hỏi ai, v&igrave; vậy rất cần một người c&oacute; chuy&ecirc;n m&ocirc;n để k&egrave;m cặp, gi&uacute;p c&aacute;c em trong qu&aacute; tr&igrave;nh học tập tại nh&agrave;. V&agrave; đ&oacute; cũng l&agrave; điều trăn trở của nhiều bậc phụ huynh.</strong></p>\r\n<p><strong><img style=\"display: block; margin-left: auto; margin-right: auto;\" src=\"http://baosuckhoe.org/wp-content/uploads/2013/04/giai-ma-hien-tuong-noi-lap-o-tre-2.jpg\" alt=\"\" width=\"551\" height=\"309\" /></strong></p>\r\n<p>&nbsp;</p>\r\n<p><strong>&nbsp;Bạn muốn t&igrave;m</strong>&nbsp;<strong>cho con em m&igrave;nh một gai sư giỏi? một trung t&acirc;m gia sư uy t&iacute;n? Nhưng kh&ocirc;ng biết t&igrave;m ở đ&acirc;u.V&igrave; hiện giờ c&oacute; rất nhiều trung t&acirc;m gia sư nhưng số trung t&acirc;m gia sư uy t&iacute;n, đảm bảo chất lượng lại kh&ocirc;ng nhi&ecirc;u.H&atilde;y đến với ch&uacute;ng t&ocirc;i, một địa chỉ uy t&iacute;n-chất lượng đ&atilde; l&agrave;m h&agrave;i l&ograve;ng nhiều gia đ&igrave;nh c&oacute; nhu cầu gia sư.</strong></p>\r\n<p><strong>V&igrave; vậy một người gia sư c&oacute; chuy&ecirc;n m&ocirc;n l&agrave; rất cần cho c&aacute;c em tr&ecirc;n con đường học tập.Vai tr&ograve; của người gia sư rất quan trong ,bằng phương ph&aacute;p sư phạm v&agrave; l&ograve;ng y&ecirc;u trẻ gia sư gi&uacute;p c&aacute;c em học sinh yếu, trung b&igrave;nh lấy lại căn bạn, c&aacute;c bạn kh&aacute; giỏi ng&agrave;y một giỏi hơn, giải đ&aacute;p ngay c&aacute;c thắc mắc của học sinh trong qu&aacute; tr&igrave;nh học tập, gi&uacute;p c&aacute;c em vượt qua c&aacute;c k&igrave; thi &hellip;V&igrave; c&aacute;c lợi &iacute;ch đ&oacute; đ&atilde; c&oacute; rất nhi&ecirc;u bậc phụ huynh lựa chọn cho con em m&igrave;nh một gia sư dạy học tại nh&agrave;.Gia sư dạy k&egrave;m tại gia sẽ gi&uacute;p cho c&aacute;c bạn học sinh, phụ huynh kh&ocirc;ng cần đi lại ,tiết kiệm thời gian, phương ph&aacute;p 1 thầy+1tr&ograve;,thời gian học linh họa đem lại hiệu quả cao, gi&uacute;p c&aacute;c em tiến bộ qua từng buổi học.</strong></p>\r\n<p><strong>GIA SƯ T&Acirc;M</strong><strong>&nbsp;</strong><strong>nằm to&agrave;n tọa lạc tại 157 L&acirc;m Văn Bền, Q7, TP.HCM l&agrave; 1 trung t&acirc;m gia sư uy t&iacute;n tại địa b&agrave;n TP Hồ Ch&iacute; Minh, được th&agrave;nh lập với sứ mệnh cao cả &lsquo; Người dẫn đường &lsquo; cho c&aacute;c em học sinh v&agrave; c&aacute;c bạn sinh vi&ecirc;n, TTGS</strong><strong>&nbsp;</strong><strong>chuy&ecirc;n cung cấp gia sư ở&nbsp;c&aacute;c quận 1, 2, 3, 4, 5, 6,7 ,8, 9, 10, 11, 12, B&igrave;nh Thạnh,Thủ Đức, T&acirc;n B&igrave;nh, T&acirc;n Ph&uacute;, B&igrave;nh T&acirc;n, H&oacute;c M&ocirc;n, G&ograve; vấp, Ph&uacute; Nhuận. &nbsp;</strong></p>\r\n<p><strong>Nhanh ch&oacute;ng, tiện lợi, học ph&iacute; hợp l&iacute; sẽ gi&uacute;p cho qu&yacute; phụ huynh, học sinh t&igrave;m được 1 gia sư ưng &yacute;.</strong></p>\r\n<p><strong>Qu&yacute; PH vui l&ograve;ng LH :</strong></p>\r\n<p><strong>_ĐC: 157 L&acirc;m Văn Bền, P.B&igrave;nhThuận, Quận 7, TP.HCM</strong></p>\r\n<p><strong>_ĐT: 0919.17.6446 (C&ocirc; Nhung) &ndash; 0909.36.1963 (Thầy T&acirc;m)</strong></p>\r\n<p><strong>_EMAIL:lienhe@giasu-tam.co</strong></p>\r\n<p>_<strong>WEBSITE:</strong>&nbsp;<a href=\"http://giasu-tam.com/\">http://giasu-tam.com/</a></p>\r\n<p><strong>_FB:</strong>&nbsp;&nbsp;<a href=\"https://www.facebook.com/giasutam\">https://www.facebook.com/giasutam</a></p>\r\n<p><strong>&nbsp;</strong></p>\r\n<p><strong>&nbsp;</strong></p>\r\n<p>&nbsp;</p>','none.gif','2014-10-08 15:31:51',0,1,'2014-10-08 19:31:51',2,0),(30,'Nơi cung cấp gia sư giỏi','<p>b&iacute; quyết</p>',0,'<p><strong><span style=\"color: #ff0000;\">Trung t&acirc;m gia sư uy t&iacute;n v&agrave; chất lượng&nbsp;</span></strong></p>\r\n<p><span style=\"color: #ff0000; background-color: #ffffff;\">&nbsp;</span><strong>Với cuộc sống hối hả, hiện đại ng&agrave;y nay nhu cầu của con người rất đa dạng ở nhiều lĩnh vực : vui chơi, giải tr&iacute;, thư giản,ăn uống&hellip;trong đ&oacute; một nhu cầu quan trọng kh&ocirc;ng thể thiếu đ&oacute; l&agrave; nhu cầu học tập, gi&uacute;p n&acirc;ng cao kiến thức r&egrave;n luy&ecirc;n bản th&acirc;n.Đối tượng c&oacute; nhu cầu cao về lĩnh vực n&agrave;y l&agrave; c&aacute;c em học sinh,hằng ng&agrave;y đến lớp học tập, thu nhận kiến thức từ thầy c&ocirc; gi&aacute;o, bạn b&egrave;, để ho&agrave;n thiện m&igrave;nh hơn sau giờ học tr&ecirc;n lớp c&aacute;c em cũng cố kiến thức bằng c&aacute;ch học,l&agrave;m b&agrave;i tập về nh&agrave; &hellip;C&oacute; rất nhi&ecirc;u b&agrave;y tập kh&oacute;, thăc mắc m&agrave; c&aacute;c em kh&ocirc;ng biết phải hỏi ai, v&igrave; vậy rất cần một người c&oacute; chuy&ecirc;n m&ocirc;n để k&egrave;m cặp, gi&uacute;p c&aacute;c em trong qu&aacute; tr&igrave;nh học tập tại nh&agrave;. V&agrave; đ&oacute; cũng l&agrave; điều trăn trở của nhiều bậc phụ huynh.</strong></p>\r\n<p><strong><img style=\"display: block; margin-left: auto; margin-right: auto;\" src=\"http://baosuckhoe.org/wp-content/uploads/2013/04/giai-ma-hien-tuong-noi-lap-o-tre-2.jpg\" alt=\"\" width=\"543\" height=\"304\" /></strong></p>\r\n<p><strong>&nbsp;Bạn muốn t&igrave;m</strong>&nbsp;<strong>cho con em m&igrave;nh một gai sư giỏi? một trung t&acirc;m gia sư uy t&iacute;n? Nhưng kh&ocirc;ng biết t&igrave;m ở đ&acirc;u.V&igrave; hiện giờ c&oacute; rất nhiều trung t&acirc;m gia sư nhưng số trung t&acirc;m gia sư uy t&iacute;n, đảm bảo chất lượng lại kh&ocirc;ng nhi&ecirc;u.H&atilde;y đến với ch&uacute;ng t&ocirc;i, một địa chỉ uy t&iacute;n-chất lượng đ&atilde; l&agrave;m h&agrave;i l&ograve;ng nhiều gia đ&igrave;nh c&oacute; nhu cầu gia sư.</strong></p>\r\n<p><strong>V&igrave; vậy một người gia sư c&oacute; chuy&ecirc;n m&ocirc;n l&agrave; rất cần cho c&aacute;c em tr&ecirc;n con đường học tập.Vai tr&ograve; của người gia sư rất quan trong ,bằng phương ph&aacute;p sư phạm v&agrave; l&ograve;ng y&ecirc;u trẻ gia sư gi&uacute;p c&aacute;c em học sinh yếu, trung b&igrave;nh lấy lại căn bạn, c&aacute;c bạn kh&aacute; giỏi ng&agrave;y một giỏi hơn, giải đ&aacute;p ngay c&aacute;c thắc mắc của học sinh trong qu&aacute; tr&igrave;nh học tập, gi&uacute;p c&aacute;c em vượt qua c&aacute;c k&igrave; thi &hellip;V&igrave; c&aacute;c lợi &iacute;ch đ&oacute; đ&atilde; c&oacute; rất nhi&ecirc;u bậc phụ huynh lựa chọn cho con em m&igrave;nh một gia sư dạy học tại nh&agrave;.Gia sư dạy k&egrave;m tại gia sẽ gi&uacute;p cho c&aacute;c bạn học sinh, phụ huynh kh&ocirc;ng cần đi lại ,tiết kiệm thời gian, phương ph&aacute;p 1 thầy+1tr&ograve;,thời gian học linh họa đem lại hiệu quả cao, gi&uacute;p c&aacute;c em tiến bộ qua từng buổi học.</strong></p>\r\n<p><span style=\"color: #000080; background-color: #ffffff;\"><strong>GIA SƯ T&Acirc;M</strong><span style=\"color: #000000;\"><strong>&nbsp;</strong></span></span><strong><span style=\"color: #000000; background-color: #ffffff;\">nằm</span> to&agrave;n tọa lạc tại 157 L&acirc;m Văn Bền, Q7, TP.HCM l&agrave; 1 trung t&acirc;m gia sư uy t&iacute;n tại địa b&agrave;n TP Hồ Ch&iacute; Minh, được th&agrave;nh lập với sứ mệnh cao cả &lsquo; Người dẫn đường &lsquo; cho c&aacute;c em học sinh v&agrave; c&aacute;c bạn sinh vi&ecirc;n, TTGS</strong><strong>&nbsp;</strong><strong>chuy&ecirc;n cung cấp gia sư ở&nbsp;c&aacute;c quận 1, 2, 3, 4, 5, 6,7 ,8, 9, 10, 11, 12, B&igrave;nh Thạnh,Thủ Đức, T&acirc;n B&igrave;nh, T&acirc;n Ph&uacute;, B&igrave;nh T&acirc;n, H&oacute;c M&ocirc;n, G&ograve; vấp, Ph&uacute; Nhuận. &nbsp;</strong></p>\r\n<p><strong>Nhanh ch&oacute;ng, tiện lợi, học ph&iacute; hợp l&iacute; sẽ gi&uacute;p cho qu&yacute; phụ huynh, học sinh t&igrave;m được 1 gia sư ưng &yacute;.</strong></p>\r\n<p><strong>Qu&yacute; PH vui l&ograve;ng LH :</strong></p>\r\n<p><strong>_ĐC: 157 L&acirc;m Văn Bền, P.B&igrave;nhThuận, Quận 7, TP.HCM</strong></p>\r\n<p><strong>_ĐT: 0919.17.6446 (C&ocirc; Nhung) &ndash; 0909.36.1963 (Thầy T&acirc;m)</strong></p>\r\n<p><strong>_EMAIL:lienhe@giasu-tam.co</strong></p>\r\n<p>_<strong>WEBSITE:</strong>&nbsp;<a href=\"http://giasu-tam.com/\">http://giasu-tam.com/</a></p>\r\n<p><strong>_FB:</strong>&nbsp;&nbsp;<a href=\"https://www.facebook.com/giasutam\">https://www.facebook.com/giasutam</a></p>\r\n<p><strong>&nbsp;</strong></p>\r\n<p><strong>&nbsp;</strong></p>\r\n<p>&nbsp;</p>','giai-ma-hien-tuong-noi-lap-o-tre-2.jpg','2014-10-08 15:39:44',0,7,'2014-10-08 19:39:44',2,0);

/*Table structure for table `NewsCategories` */

DROP TABLE IF EXISTS `NewsCategories`;

CREATE TABLE `NewsCategories` (
  `NewsCategoryId` int(11) NOT NULL AUTO_INCREMENT,
  `NewsCategoryName` varchar(250) CHARACTER SET utf8 COLLATE utf8_unicode_ci NOT NULL,
  `NewsCategoryCode` varchar(250) CHARACTER SET utf8 COLLATE utf8_unicode_ci DEFAULT NULL,
  `CreatedDate` timestamp NOT NULL DEFAULT CURRENT_TIMESTAMP,
  `IsDisabled` tinyint(1) NOT NULL DEFAULT '0',
  PRIMARY KEY (`NewsCategoryId`),
  UNIQUE KEY `index3` (`NewsCategoryCode`),
  KEY `index2` (`NewsCategoryCode`)
) ENGINE=InnoDB AUTO_INCREMENT=8 DEFAULT CHARSET=latin1;

/*Data for the table `NewsCategories` */

insert  into `NewsCategories`(`NewsCategoryId`,`NewsCategoryName`,`NewsCategoryCode`,`CreatedDate`,`IsDisabled`) values (1,'Tin tức giáo dục','TIN_GIAO_DUC','2014-09-20 11:14:31',0),(2,'Tin tức gia sư Tâm','TIN_GIA_SU_TAM','2014-09-20 11:14:31',0),(4,'Tin tức gia sư dạy kèm','GIA_SU_DAY_KEM','2014-09-20 11:14:31',0),(5,'Tin tức tổng hợp','TIN_TONG_HOP','2014-09-20 11:14:31',0),(6,'Tin tức trang chủ','TIN_TRANG_CHU','2014-09-20 11:16:29',0),(7,'Bí quyết tìm gia sư','Bí quyết tìm gia sư','2014-09-20 11:14:31',0);

/*Table structure for table `StaticContents` */

DROP TABLE IF EXISTS `StaticContents`;

CREATE TABLE `StaticContents` (
  `StaticContentId` int(11) NOT NULL AUTO_INCREMENT,
  `StaticCode` varchar(30) CHARACTER SET latin1 NOT NULL,
  `StaticContent` text COLLATE utf8_unicode_ci,
  `IsSerialize` tinyint(1) NOT NULL DEFAULT '0',
  `LastUpdated` datetime DEFAULT NULL,
  `LastUpdatedBy` int(11) DEFAULT NULL,
  PRIMARY KEY (`StaticContentId`),
  UNIQUE KEY `StaticCode_2` (`StaticCode`)
) ENGINE=InnoDB AUTO_INCREMENT=12 DEFAULT CHARSET=utf8 COLLATE=utf8_unicode_ci;

/*Data for the table `StaticContents` */

insert  into `StaticContents`(`StaticContentId`,`StaticCode`,`StaticContent`,`IsSerialize`,`LastUpdated`,`LastUpdatedBy`) values (1,'ABOUT_TEXT','4impact is a Next-Generation IT services company based in Brisbane Queensland.&nbsp; We provide a range of IT services from individual consultants to complete enterprise solutions for Corporate and Government clients along the eastern seaboard of Australia.&nbsp; <br /><br />With a core team of IT professionals, backed by a vast network of partners and associates, 4impact is able to bring to bear significant and targeted professionals to solve our customer&rsquo;s information challenges. <br /><br />With a local 50 seat state-of-the-art software development studio at 370 Queen Street, as well as offshore delivery centres in Vietnam and Philippines; 4impact is able to deliver application development services across a range of technology platforms. Currently our teams are delivering a range of Insurance, Payments, eCommerce, Airline, Media and Social Networking software solutions<br /><br />',0,'2013-03-15 20:23:24',1),(2,'ABOUT_ADDRESS1','Level 1, 370 Queen Street',0,'2012-12-25 13:42:37',1),(3,'ABOUT_ADDRESS2','Brisbane, QLD 4000.',0,'2012-12-25 13:42:37',1),(4,'ABOUT_LETSTALK','YTozOntzOjQ6Im5hbWUiO3M6NDg6IjE1NyBMw6JtIFbEg24gQuG7gW4sIFAuQsOsbmggVGh14bqtbiwgUTcsIFRQLkhDTSI7czo1OiJwaG9uZSI7czoyNToiMDkwOTM2MTk2MyAtIDA5MTkgMTcgNjQ0NiI7czo1OiJlbWFpbCI7czo0ODoiIGxpZW5oZUBnaWFzdS10YW0uY29tIGhv4bq3YyBpbmZvIEBnaWFzdS10YW0uY29tIjt9',1,'2013-03-15 20:25:56',1),(5,'FOOTER_CONTACT','YTozOntzOjQ6Im5hbWUiO3M6NDg6IjE1NyBMw6JtIFbEg24gQuG7gW4sIFAuQsOsbmggVGh14bqtbiwgUTcsIFRQLkhDTSI7czo1OiJwaG9uZSI7czoyNToiMDkwOSAzNjE5NjMgLSAwOTE5IDE3NjQ0NiI7czo1OiJlbWFpbCI7czo0NzoiIGxpZW5oZUBnaWFzdS10YW0uY29tIGhv4bq3YyBpbmZvQGdpYXN1LXRhbS5jb20iO30',1,'2012-12-25 13:42:37',1),(6,'HOME_PITCH','a:3:{s:19:\"primary_pitch_line1\";s:11:\"Enterprise \";s:19:\"primary_pitch_line2\";s:16:\"Mobile Solutions\";s:12:\"second_pitch\";s:30:\"Engaging   Clever   Connected \";}',1,'2013-04-04 01:04:09',1),(7,'HOME_TECHNOLOGY','Kính gởi Quý Phụ Huynh …\r\nĐầu tiên, TTGS chúng tôi gởi lời chúc sức khỏe, hạnh phúc đến gia đình\r\nQuý Phụ Huynh!	\r\n\r\n   Ngày nay, Quý Phụ Huynh luôn bận rộn với nhiều công việc, ít có thời gian chú ý đến việc học tập của con em mình. Thấu hiểu nỗi lo lắng chính đáng đó, TTGS chúng tôi đưa ra hình thức học tập mang lại hiệu quả cao cho các em, đó là:		                              \r\nDẠY KÈM TẠI NHÀ. \r\n',0,'2013-04-02 05:41:18',1),(8,'PEOPLE_HOME_LEFT','<p>&nbsp; &nbsp;K&iacute;nh gởi <strong>Qu&yacute; Phụ Huynh</strong> &hellip;</p>\r\n\r\n<p>Đầu ti&ecirc;n, TTGS ch&uacute;ng t&ocirc;i gởi lời ch&uacute;c sức khỏe, hạnh ph&uacute;c đến gia đ&igrave;nh</p>\r\n\r\n<p>Qu&yacute; Phụ Huynh!&nbsp;&nbsp;&nbsp;</p>\r\n\r\n<p>&nbsp;&nbsp;&nbsp;&nbsp;&nbsp;&nbsp;&nbsp;&nbsp;&nbsp;&nbsp;&nbsp;&nbsp;&nbsp;&nbsp;&nbsp;</p>\r\n\r\n<p>&nbsp;&nbsp; Ng&agrave;y nay, Qu&yacute; Phụ Huynh lu&ocirc;n bận rộn với nhiều c&ocirc;ng việc, &iacute;t c&oacute; thời gian ch&uacute; &yacute; đến việc học tập của con em m&igrave;nh. Thấu hiểu nỗi lo lắng ch&iacute;nh đ&aacute;ng đ&oacute;, TTGS ch&uacute;ng t&ocirc;i đưa ra h&igrave;nh thức học tập mang lại hiệu quả cao cho c&aacute;c em, đ&oacute; l&agrave;:&nbsp;&nbsp; &nbsp;&nbsp;&nbsp;&nbsp;&nbsp;&nbsp;&nbsp;&nbsp;&nbsp; &nbsp;&nbsp;&nbsp;&nbsp;&nbsp;&nbsp;&nbsp;&nbsp;&nbsp;&nbsp;&nbsp;&nbsp;&nbsp;&nbsp;&nbsp;&nbsp;&nbsp;&nbsp;&nbsp;&nbsp;&nbsp;&nbsp;&nbsp;&nbsp;&nbsp;&nbsp;&nbsp;&nbsp;&nbsp;</p>\r\n\r\n<p><strong><em>DẠY K&Egrave;M TẠI NH&Agrave;</em></strong>.</p>\r\n\r\n<p>Nhận dạy k&egrave;m tại nh&agrave; c&aacute;c m&ocirc;n to&aacute;n-l&iacute;-h&oacute;a-sinh-ngoại ngữ-văn&hellip;v&agrave; theo y&ecirc;u cầu của qu&yacute; phụ huynh,học sinh từ lớp 1 -12</p>\r\n\r\n<p>Với đội ngũ <strong>Gi&aacute;o vi&ecirc;n nhiều kinh nghiệm, sinh vi&ecirc;n ĐHSP </strong><strong><em>&amp; c&aacute;c trường đại học uy t&iacute;n</em></strong>; lấy phương ch&acirc;m chữ &ldquo;<strong>T&Acirc;M</strong>&rdquo; h&agrave;ng đầu , phương ph&aacute;p sư phạm hiệu quả, dễ hiểu, dạy b&aacute;m s&aacute;t chương tr&igrave;nh s&aacute;ch gi&aacute;o khoa của Bộ gi&aacute;o dục v&agrave; dạy mở rộng chương tr&igrave;nh n&acirc;ng cao, TTGS ch&uacute;ng t&ocirc;i sẽ gi&uacute;p c&aacute;c em vượt qua c&aacute;c kỳ thi quan trọng ( thi học kỳ, thi chuyển cấp, tốt nghiệp trung học phổ th&ocirc;ng v&agrave; thi đại học &hellip; ). &ldquo; <strong>Học đi đ&ocirc;i với h&agrave;nh</strong> &rdquo;, ch&uacute;ng t&ocirc;i sẽ hỗ trợ tốt nhất đề c&aacute;c em c&oacute; thể kết hợp hiệu quả cao giữa l&yacute; thuyết v&agrave; b&agrave;i tập. Ngo&agrave;i ra, ch&uacute;ng t&ocirc;i cũng thường xuy&ecirc;n b&aacute;o c&aacute;o kết quả học tập của học sinh ( mỗi th&aacute;ng một lần ) cho qu&yacute; Phụ Huynh.Sau một th&aacute;ng, qu&yacute; Phụ Huynh sẽ <strong>h&agrave;i l&ograve;ng v&igrave; sự tiến bộ</strong> của con em m&igrave;nh.</p>\r\n\r\n<p>&nbsp;</p>\r\n\r\n<p>H&atilde;y li&ecirc;n hệ với ch&uacute;ng t&ocirc;i để được tư vấn miễn ph&iacute; v&agrave; t&igrave;m cho con em m&igrave;nh 1 gia sư giỏi ,tận t&acirc;m &hellip;</p>\r\n\r\n<p>&nbsp;</p>\r\n\r\n<p>BẢNG HỌC PH&Iacute; THAM KHẢO:</p>\r\n\r\n<p>&nbsp;&nbsp;&nbsp;&nbsp;&nbsp;&nbsp;&nbsp;&nbsp;&nbsp;&nbsp;&nbsp;&nbsp;&nbsp;&nbsp;&nbsp;&nbsp;&nbsp;</p>\r\n\r\n<p><strong><em>Đội ngũ </em></strong><em>:&nbsp;&nbsp;&nbsp; </em>+ <strong><em>Gi&aacute;o vi&ecirc;n Kinh nghiệm</em></strong></p>\r\n\r\n<p>&nbsp;&nbsp;&nbsp;&nbsp;&nbsp;&nbsp;&nbsp;&nbsp;&nbsp;&nbsp;&nbsp;&nbsp; &nbsp;&nbsp;&nbsp;&nbsp;&nbsp;&nbsp;+ <strong><em>Sinh vi&ecirc;n ĐHSP&amp;c&aacute;c trường đại học uy t&iacute;n</em></strong></p>\r\n\r\n<p>&nbsp;</p>\r\n\r\n<p><em>&nbsp;&nbsp;&nbsp;&nbsp;&nbsp;&nbsp;&nbsp;&nbsp;&nbsp;&nbsp;&nbsp; &nbsp;&nbsp;&nbsp; Bảng học ph&iacute; <strong>sinh vi&ecirc;n</strong> /th&aacute;ng (2 buổi/tuần)</em></p>\r\n\r\n<table align=\"center\" border=\"1\" cellpadding=\"0\" cellspacing=\"0\" style=\"width:518px\">\r\n	<tbody>\r\n		<tr>\r\n			<td colspan=\"2\" style=\"width:132px\">\r\n			<p><strong>Cấp I</strong></p>\r\n			</td>\r\n			<td colspan=\"3\" style=\"width:189px\">\r\n			<p><strong>Cấp II</strong></p>\r\n			</td>\r\n			<td colspan=\"3\" style=\"width:197px\">\r\n			<p><strong>Cấp III</strong></p>\r\n			</td>\r\n		</tr>\r\n		<tr>\r\n			<td style=\"width:69px\">\r\n			<p><strong>1, 2, 3, 4</strong></p>\r\n			</td>\r\n			<td style=\"width:63px\">\r\n			<p><strong>5</strong></p>\r\n			</td>\r\n			<td style=\"width:57px\">\r\n			<p><strong>6, 7, 8</strong></p>\r\n			</td>\r\n			<td style=\"width:59px\">\r\n			<p><strong>9</strong></p>\r\n			</td>\r\n			<td style=\"width:73px\">\r\n			<p><strong>LT 10</strong></p>\r\n			</td>\r\n			<td style=\"width:58px\">\r\n			<p><strong>10, 11</strong></p>\r\n			</td>\r\n			<td style=\"width:70px\">\r\n			<p><strong>12</strong></p>\r\n			</td>\r\n			<td style=\"width:68px\">\r\n			<p><strong>LTĐH</strong></p>\r\n			</td>\r\n		</tr>\r\n		<tr>\r\n			<td style=\"width:69px\">\r\n			<p>&nbsp;</p>\r\n\r\n			<p>600.000</p>\r\n			</td>\r\n			<td style=\"width:63px\">\r\n			<p>&nbsp;&nbsp;</p>\r\n\r\n			<p>700.000</p>\r\n			</td>\r\n			<td style=\"width:57px\">\r\n			<p>&nbsp; &nbsp;700.000</p>\r\n			</td>\r\n			<td style=\"width:59px\">\r\n			<p>&nbsp;&nbsp; &nbsp;&nbsp;800.000</p>\r\n			</td>\r\n			<td style=\"width:73px\">\r\n			<p>&nbsp;</p>\r\n\r\n			<p>1.000.000</p>\r\n			</td>\r\n			<td style=\"width:58px\">\r\n			<p>&nbsp;</p>\r\n\r\n			<p>900.000</p>\r\n			</td>\r\n			<td style=\"width:70px\">\r\n			<p>&nbsp;</p>\r\n\r\n			<p>1.000.000</p>\r\n			</td>\r\n			<td style=\"width:68px\">\r\n			<p>&nbsp;</p>\r\n\r\n			<p>1.200.000</p>\r\n			</td>\r\n		</tr>\r\n	</tbody>\r\n</table>\r\n\r\n<p>&nbsp;</p>\r\n\r\n<p><em>&nbsp;&nbsp;&nbsp;&nbsp;&nbsp;&nbsp;&nbsp;&nbsp;&nbsp;&nbsp;&nbsp;&nbsp;&nbsp;&nbsp;&nbsp;&nbsp;&nbsp;&nbsp;&nbsp;&nbsp;&nbsp;&nbsp;&nbsp; &nbsp;&nbsp; Bảng học ph&iacute; <strong>gi&aacute;o vi&ecirc;n</strong> / th&aacute;ng ( 2 buổi/tuần )</em></p>\r\n\r\n<table align=\"center\" border=\"1\" cellpadding=\"0\" cellspacing=\"0\" style=\"width:527px\">\r\n	<tbody>\r\n		<tr>\r\n			<td colspan=\"2\" style=\"height:18px; width:139px\">\r\n			<p><strong>Cấp I</strong></p>\r\n			</td>\r\n			<td colspan=\"3\" style=\"height:18px; width:197px\">\r\n			<p><strong>Cấp II</strong></p>\r\n			</td>\r\n			<td colspan=\"4\" style=\"height:18px; width:191px\">\r\n			<p><strong>Cấp III</strong></p>\r\n			</td>\r\n		</tr>\r\n		<tr>\r\n			<td style=\"width:73px\">\r\n			<p><strong>1, 2, 3, 4</strong></p>\r\n			</td>\r\n			<td style=\"width:66px\">\r\n			<p><strong>5</strong></p>\r\n			</td>\r\n			<td style=\"width:66px\">\r\n			<p><strong>6, 7, 8</strong></p>\r\n			</td>\r\n			<td style=\"width:66px\">\r\n			<p><strong>9</strong></p>\r\n			</td>\r\n			<td style=\"width:65px\">\r\n			<p><strong>LT 10</strong></p>\r\n			</td>\r\n			<td style=\"width:64px\">\r\n			<p><strong>10, 11</strong></p>\r\n			</td>\r\n			<td colspan=\"2\" style=\"width:65px\">\r\n			<p><strong>12</strong></p>\r\n			</td>\r\n			<td style=\"width:61px\">\r\n			<p><strong>LTĐH</strong></p>\r\n			</td>\r\n		</tr>\r\n		<tr>\r\n			<td style=\"width:73px\">\r\n			<p>1.100.000</p>\r\n			</td>\r\n			<td style=\"width:66px\">\r\n			<p>1.200.000</p>\r\n			</td>\r\n			<td style=\"width:66px\">\r\n			<p>1200.000</p>\r\n			</td>\r\n			<td style=\"width:66px\">\r\n			<p>1.400.000</p>\r\n			</td>\r\n			<td style=\"width:65px\">\r\n			<p>1.700.000</p>\r\n			</td>\r\n			<td style=\"width:64px\">\r\n			<p>1.600.000</p>\r\n			</td>\r\n			<td style=\"width:64px\">\r\n			<p>1.800.000</p>\r\n			</td>\r\n			<td colspan=\"2\" style=\"width:62px\">\r\n			<p>2.000000</p>\r\n\r\n			<p>&nbsp;</p>\r\n			</td>\r\n		</tr>\r\n		<tr>\r\n			<td>&nbsp;</td>\r\n			<td>&nbsp;</td>\r\n			<td>&nbsp;</td>\r\n			<td>&nbsp;</td>\r\n			<td>&nbsp;</td>\r\n			<td>&nbsp;</td>\r\n			<td>&nbsp;</td>\r\n			<td>&nbsp;</td>\r\n			<td>&nbsp;</td>\r\n		</tr>\r\n	</tbody>\r\n</table>\r\n\r\n<p>&nbsp;</p>\r\n\r\n<p><strong>V&igrave; sự th&agrave;nh đạt ng&agrave;y mai, </strong></p>\r\n\r\n<p><strong>Qu&yacute; Phụ huynh h&atilde;y đầu tư cho con em m&igrave;nh từ h&ocirc;m nay!</strong></p>\r\n\r\n<p>&nbsp;</p>\r\n',0,'2013-04-04 01:06:51',1),(9,'PEOPLE_PASSION','Compellingly coordinate exceptional technology before wireless products. Phosfluorescently exploit orthogonal testing procedures for one-to-one resources',0,'2013-01-02 13:42:37',1),(10,'PEOPLE_EXPERIENCE','Compellingly coordinate exceptional technology before wireless products. Phosfluorescently exploit orthogonal testing procedures for one-to-one resources',0,'2013-01-02 13:42:37',1),(11,'ALL_HEADING','a:3:{s:11:\"home_people\";s:26:\"Welcome to the post-PC era\";s:15:\"home_technology\";s:17:\"Enterprise Mobile\";s:7:\"section\";s:4:\"text\";}',1,'2013-04-02 05:57:07',1);

/*Table structure for table `Subjects` */

DROP TABLE IF EXISTS `Subjects`;

CREATE TABLE `Subjects` (
  `SubjectId` int(11) NOT NULL AUTO_INCREMENT,
  `SubjectName` varchar(255) CHARACTER SET utf8 COLLATE utf8_unicode_ci NOT NULL,
  `IsDisabled` tinyint(1) NOT NULL DEFAULT '0',
  PRIMARY KEY (`SubjectId`)
) ENGINE=InnoDB AUTO_INCREMENT=10 DEFAULT CHARSET=latin1;

/*Data for the table `Subjects` */

insert  into `Subjects`(`SubjectId`,`SubjectName`,`IsDisabled`) values (1,'Toán',0),(2,'Lý',0),(3,'Hóa',0),(4,'Văn',0),(5,'Sử',0),(6,'Địa',0),(7,'Anh Văn',0),(8,'Sinh',0),(9,'Tiếng Việt',0);

/*Table structure for table `Tutors` */

DROP TABLE IF EXISTS `Tutors`;

CREATE TABLE `Tutors` (
  `TutorId` int(11) NOT NULL AUTO_INCREMENT,
  `UserName` varchar(255) COLLATE utf8_unicode_ci NOT NULL,
  `Gender` tinyint(1) NOT NULL DEFAULT '1',
  `Birthday` varchar(100) CHARACTER SET latin1 DEFAULT NULL,
  `Email` varchar(150) COLLATE utf8_unicode_ci NOT NULL,
  `Address` varchar(255) COLLATE utf8_unicode_ci DEFAULT NULL,
  `Phone` int(11) NOT NULL,
  `Level` tinyint(1) NOT NULL,
  `University` varchar(255) COLLATE utf8_unicode_ci NOT NULL,
  `Subject` varchar(255) COLLATE utf8_unicode_ci NOT NULL,
  `Graduation` varchar(100) CHARACTER SET latin1 NOT NULL,
  `Career` tinyint(1) NOT NULL,
  `Introduction` text COLLATE utf8_unicode_ci,
  `CreatedDate` timestamp NOT NULL DEFAULT CURRENT_TIMESTAMP,
  `IsDisabled` tinyint(1) DEFAULT '0',
  `Avatar` varchar(255) COLLATE utf8_unicode_ci DEFAULT NULL,
  `Status` tinyint(1) NOT NULL DEFAULT '0',
  `LastUpdated` timestamp NOT NULL DEFAULT '0000-00-00 00:00:00',
  `LastUpdatedBy` int(11) NOT NULL DEFAULT '0',
  `CareerLocation` varchar(255) COLLATE utf8_unicode_ci DEFAULT NULL,
  `ExperienceYears` varchar(10) COLLATE utf8_unicode_ci DEFAULT NULL,
  `TeachableInClass` varchar(255) COLLATE utf8_unicode_ci DEFAULT NULL,
  `TeachableSubjects` varchar(255) COLLATE utf8_unicode_ci DEFAULT NULL,
  `TeachableDistricts` varchar(255) COLLATE utf8_unicode_ci DEFAULT NULL,
  PRIMARY KEY (`TutorId`)
) ENGINE=InnoDB AUTO_INCREMENT=51 DEFAULT CHARSET=utf8 COLLATE=utf8_unicode_ci;

/*Data for the table `Tutors` */

insert  into `Tutors`(`TutorId`,`UserName`,`Gender`,`Birthday`,`Email`,`Address`,`Phone`,`Level`,`University`,`Subject`,`Graduation`,`Career`,`Introduction`,`CreatedDate`,`IsDisabled`,`Avatar`,`Status`,`LastUpdated`,`LastUpdatedBy`,`CareerLocation`,`ExperienceYears`,`TeachableInClass`,`TeachableSubjects`,`TeachableDistricts`) values (21,'Nguyễn Văn My',1,'10/05/1994','nguyenvanmy1005@gmail.com','301/41 Dương Bá Trạc, phường 1, quận 8',982649024,2,'THPT Huỳnh Thúc Kháng, huyện Vạn Ninh, Khánh Hòa','Hóa học','2012',0,'','2014-09-24 14:23:48',0,'logo_200.png',1,'2014-10-02 11:27:39',1,NULL,NULL,NULL,NULL,NULL),(22,'tuyết nhung',0,'12.02.95','tuyetnhungvu95@gmail.com','157lvb',1215760956,2,'đh','a','2014',0,'','2014-09-24 15:10:47',0,'none.gif',0,'2014-10-04 22:07:08',1,NULL,NULL,NULL,NULL,NULL),(30,'Cao Mạnh Hùng',1,'26/10/95','ngadateh@gmail.com','gần đh Tôn Đức Thắng, đường lê văn lương phường tân phong. q7',1687106098,2,'đại học y dược tp hcm','cử nhân điều dưỡng đa khoa','2018',0,'<p>đến từ trung học phổ th&ocirc;ng l&ecirc; qu&yacute; đ&ocirc;n l&acirc;m đồng, y&ecirc;u th&iacute;ch m&ocirc;m sinh học, đ&atilde; từng tham dự nhiều kỳ thi cấp trường tỉnh bộ m&ocirc;n n&agrave;y từng đạt giải 3 cấp tỉnh giải to&aacute;n tr&ecirc;n m&aacute;y t&iacute;nh casio m&ocirc;n sinh học lớp 12, c&oacute; kiến thức kh&aacute; s&acirc;u sắc về c&aacute;c dạng to&aacute;n di truyền, x&aacute;c suất, sinh học ph&acirc;n tử... ngo&agrave;i ra c&oacute; thể chia sẻ c&aacute;ch học m&ocirc;n h&oacute;a học cho những học sinh c&oacute; kiến thức kh&ocirc;ng vững về m&ocirc;n h&oacute;a khoang 60-70 % đề thi đại học. th&iacute;ch dạy th&ecirc;m cho những bạn học sinh trung b&igrave;nh, tb kh&aacute; muốn thi đậu dh,cd. c&aacute;c bạn theo khối b m&ocirc;n sinh hoc. h&ograve;a đồng vui t&iacute;nh,....</p>','2014-09-24 20:00:25',0,'logo_200.png',1,'2014-10-02 11:27:07',1,NULL,NULL,NULL,NULL,NULL),(35,'nguyen hoang danh',1,'22/06/1991','hoangdanh112@yahoo.com','hem 675 tran xuan soan,q7,tphcm',1685041772,2,'dai hoc ton duc thang','dien dien tu','2016',0,'','2014-09-25 11:34:40',0,'logo_200.png',1,'2014-10-02 11:28:13',1,NULL,NULL,NULL,NULL,NULL),(40,'Trần Lê Song Tài',1,'02-02-1994','binhthuongthoi2294@gmail.com','28 đường số 51 phường Bình Thuận quận 7',1652694269,2,'Đại học Tài Chính Marketing','Thẩm Định Gía','2016',0,'','2014-09-28 17:59:59',0,'logo_200.png',1,'2014-10-04 13:32:57',2,NULL,NULL,NULL,NULL,NULL),(43,'Sầm Tùng',1,'28/05/1991','samtung113@gmail.com','148 Nguyễn Duy, Phường 9, quận 8, tp. Hồ Chí Minh',962155524,2,'Đại học Công nghệ - Đại học Quốc gia Hà Nội','Công nghệ thông tin','',4,'<p>L&agrave; sinh vi&ecirc;n tốt nghiệp trường Đại học Quốc gia H&agrave; Nội. Hiện đang theo học trường Đại học Khoa học tự nhi&ecirc;n HCM ng&agrave;nh tiếng Anh. Đ&atilde; từng c&oacute; kinh nghiệm dạy học sinh lớp 8 về To&aacute;n, L&yacute;, H&oacute;a, tiếng Anh</p>','2014-10-07 18:52:55',0,'03 (2).jpg',1,'2014-10-08 14:39:41',2,'','1','8,7,9','1,2,3','8,5'),(44,'gstjokzvy',1,'10121985','rcihkv@tepznm.com','aVCvoQpITwUuwendDl',2147483647,1,'rcihkv@tepznm.com','XosshxAAsCmVZvPawlS','',2,'<p>9Q8new <a href=\"http://ltkieflxfzey.com/\">ltkieflxfzey</a>, [url=http://kqgamfobyrac.com/]kqgamfobyrac[/url], [link=http://priuqoniqddd.com/]priuqoniqddd[/link], http://oxxjxxguxoff.com/</p>','2014-10-08 00:01:53',0,'none.gif',1,'2014-10-08 14:40:14',2,'clavkpbn','3','','',''),(45,'NGUYỄN VĂN PHƯƠNG',1,'5/5/1994','nguyenvanphuongqn@gmail.com','đường 51,lâm văn bền, quận 7,tphcm',1206128049,2,'Đại học Tài Chính Marketing','Thăm định giá','',2,'','2014-10-08 11:31:58',0,'logo.png',1,'2014-10-14 18:46:09',2,'trường Đại học Tài chính marketing','4','9,14,12,4,2,11,10,8,6,7,13,3,5','4,1,7','4,7'),(46,'NGUYỄN VĂN PHƯƠNG',1,'5/5/1994','nguyenvanphuong_ntt@yahoo.com','đường 51,lâm văn bền, quận 7,tphcm',1206128049,2,'Đại học Tài Chính Marketing','thẩm định gia','',2,'','2014-10-09 20:21:23',0,'',0,'0000-00-00 00:00:00',0,'đại học tài chính marketing','3','9,14,12,4,2,11,10,8,6,7,13,3,5','7,1','7'),(50,'Trần Ngọc Bích',0,'31/10/1989','bichtn77@gmail.com','Chung cư Bình Khánh, q2',937778952,2,'ĐH Sư Phạm TPHCM','Sư phạm Toán','',5,'<p>M&igrave;nh c&oacute; 2 năm kinh nghiệm dạy To&aacute;n tại Mathnasium, thuộc Hội Việt Mỹ, trong thời gian l&agrave; SV v&agrave; c&ocirc;ng t&aacute;c giảng dạy m&igrave;nh cũng c&oacute; kinh nghiệm trong việc l&agrave;m gia sư cho HS cấp 2, cấp 3. Từ đ&oacute; kết hợp đươc c&aacute;c pp giảng dạy ti&ecirc;n tiến với c&aacute;c pp truyền thống, m&igrave;nh đ&atilde; thu được nhiều kết quả đ&aacute;ng kh&iacute;ch lệ, gi&uacute;p cho HS tiến bộ v&agrave; y&ecirc;u th&iacute;ch bộ m&ocirc;n.</p>','2014-10-11 09:20:04',0,'logo.png',1,'2014-10-14 18:50:16',2,'Trường Vạn Xuân','4','9,14,12,4,2,11,10,8,6,7,13,3,5','3,1,2','20,9,5,3,1,2,4,7,16');

/*Table structure for table `Users` */

DROP TABLE IF EXISTS `Users`;

CREATE TABLE `Users` (
  `UserId` int(11) NOT NULL AUTO_INCREMENT,
  `Password` varchar(255) DEFAULT NULL,
  `Email` varchar(255) CHARACTER SET utf8 COLLATE utf8_unicode_ci NOT NULL,
  `LastName` varchar(255) NOT NULL,
  `FirstName` varchar(255) NOT NULL,
  `UserName` varchar(255) NOT NULL,
  `IsDisabled` tinyint(4) NOT NULL,
  `LastLogin` date NOT NULL,
  `OpenId` varchar(255) DEFAULT NULL,
  `Info` varchar(255) DEFAULT NULL,
  PRIMARY KEY (`UserId`)
) ENGINE=InnoDB AUTO_INCREMENT=13 DEFAULT CHARSET=latin1;

/*Data for the table `Users` */

insert  into `Users`(`UserId`,`Password`,`Email`,`LastName`,`FirstName`,`UserName`,`IsDisabled`,`LastLogin`,`OpenId`,`Info`) values (1,'d033e22ae348aeb5660fc2140aec35850c4da997','hocondoimeo@gmail.com','zorro','i am','admin',0,'2014-10-14',NULL,NULL),(2,'71fd049e3f13785a293d296c7181496b2b3e0c2d','tamlehung1983@gmail.com','Tam ','Le Hung ','Admin',0,'2014-10-14',NULL,NULL),(3,NULL,'heocon_rose95@yahoo.com.vn','V?','Tuy?t','tuyetnhung95',0,'2014-10-07','fb_100003802938595','YToxOTp7czoyOiJpZCI7czoxNToiMTAwMDAzODAyOTM4NTk1IjtzOjM6ImJpbyI7czo2MjoiSGHMo25oIHBodcyBYyBjdcyJYSB0xrDGoW5nIGxhaSBuxIPMgG0gdHJvbmcgaGnDqsyjbiB0YcyjaSEgOykiO3M6OToiZWR1Y2F0aW9uIjthOjI6e2k6MDtPOjg6InN0ZENsYXNzIjoyOntzOjY6InNjaG9vbCI7Tzo4OiJzdGRDbGFzcyI6Mjp'),(12,NULL,'tyanhly@yahoo.com','Tung','Ly','tyanhly',0,'2014-10-10','fb_1285240366','YToxNTp7czoyOiJpZCI7czoxMDoiMTI4NTI0MDM2NiI7czo5OiJlZHVjYXRpb24iO2E6Mzp7aTowO086ODoic3RkQ2xhc3MiOjM6e3M6Njoic2Nob29sIjtPOjg6InN0ZENsYXNzIjoyOntzOjI6ImlkIjtzOjE1OiIxMTIxNTAwOTU0Nzc4NDMiO3M6NDoibmFtZSI7czoxMjoiTHV1IFZhbiBMaWV0Ijt9czo0OiJ0eXBlIjtzOjExOiJIaWd');

/*Table structure for table `session` */

DROP TABLE IF EXISTS `session`;

CREATE TABLE `session` (
  `id` char(32) NOT NULL DEFAULT '',
  `modified` int(11) DEFAULT NULL,
  `lifetime` int(11) DEFAULT NULL,
  `data` text,
  PRIMARY KEY (`id`)
) ENGINE=InnoDB DEFAULT CHARSET=latin1;

/*Data for the table `session` */

insert  into `session`(`id`,`modified`,`lifetime`,`data`) values ('0d6a4c224e2c37c58d48c96c4a896300',1412339033,3600,''),('1370b794a75e235810c4686ecd2550c7',1412336250,3600,''),('18b405d39160e3498ac362e33656fcb9',1412336441,3600,'p9Gs8NCJjFqtCoIPAfEriLcTWYgRPo6LAU-CnDKs0-XdEyiaIcYTKehml6jtHapHqkvk6IeUT7jiXq_KJxspMaxJbePmPLdSDVCwUopTRDLcIytcM9_Gx61NrN2MKh7SM1mJ5OnE13F4Qng5AAwtMJU9v1DHMGLYPiUmFWGwZInyjJBVQQTjyluXp21gQwP834XUIpaqvKYbcErCIuK1xfbUHxoLWYelRGpjp9e05Y1PqjI8vEqM98lWIgzswC17yt2shyzc44jygSkMQbwWNNEJo1A4sStc6ajwtqA_AWQZ77BlcQkvfMOUcO-qDvDaxFf2r7ukgN_3v1VRpQtvrimlLLQvqc3tawXNg0xwdhw.'),('1f160f8c839de985fdb55f0f94cee41c',1411566387,3600,'xNF3JqUQ5zO5WBt9qMY3NGjaxe2wxoEaiQO3fbjlo_hgZqObENB7eGl6T42QEurOPulzoEA2iUjCgyM3BBKNNh2KA86MDfLdNKpRkQS4V2mja9gXUQqupWeMnn1Tio1cSPjdp_zLyFH8t3iD1uxilen0vLWmo4uYOSIQMlWQ9JiWiq99hYACh9J3U2DpX7R4'),('3664760d4003005a8fb3f2d5aeaadbe7',1412336431,3600,'r2ocThU5CiQp5y53pt8Gzpz43zxx2idK4kx7osOzbdMKMedTL7qU8sMbma9Jqwltum0RfP7JJzS7s6KzzHjLb3h2b9X21yXHn8onNK-cGzwtO2EDTcs1xpXUEdsmmXxLs1CS-ij4joKdAJsnYP7lhYvswtG98pkxdCTiuCIvRhEmjQlWSw8c4VlPMSDCWdy2371mJg3aTHSuJSPWAWQMiuIVzrBbRB1SmEiCGrtUdPkTo8eS20lKuf8Gz8z3D4kuNkfvGA2LSmigVBMcY0-1qjasFL795BAwobztHGtigpn2UDRQzRB1Z_d-0JlIlO0lM1-dzz_mPBwxZRLPACLYqjUKJdLX4pjpwkNydbK2Ryk.'),('4589f658249eb79e2bd1de5dcc3e5aa6',1412336238,3600,'tx3WqVpnCMwSxW8p5i8zT1YERaC0qGUc6yL_wREVZfgIBz9oJREHnIq0JwxDCBNyg93PCvYLnvZRCilhXB0GZ-WdAkZVfu5HLKGZhGoPWUkLCHLPKprLIwUQs246eqUNyLgu0qaonpXUN5FPwPXQ3We4e5EFawztB-rnQtfIIdOzutUsqx4hnNHwLsUPzIExac0nvywBkmXSQemiG4ZsMOlm00srEQ2pcwdtbdPRlVOaDnFNjUoprY5trVpHdS8W_amuiFMOsrPqnELwlKuCtYUCc_VA1f-OcyC9l64am41kk_oVz7MTPQ71f4MY7PQnGV29kxpFLzTeQYyBpaC4lNekgyr_q2NSNOrPv_FpJKsGKs08qK1aX2WgWnuPJcSx'),('45a6da1f298ec6d384777280b2c5ade6',1412336295,3600,''),('47399f8cb3ecc8c4f6724f1d8072840b',1412339000,3600,''),('5086901604124dac2e1ee6fccfa23247',1412336451,3600,''),('59d8ef0f38fbfe3a81d4a5e2f6517633',1412336205,3600,''),('774bdd4df296a1a48a2a2e267e201eaf',1412336623,3600,''),('788d86cdb28fdf4914b79061063f7281',1412336933,3600,''),('7f8614e85eb2e323a449eed5b3a7f29c',1412336372,3600,''),('bf136d98150912177322046794e3efb7',1411564121,3600,'sDdMnvWl8KCvYUmx0_wJ3Iw0JkJwlHIVeVxFr8aHE8VtFTHv9DNy8WEMxjK0A-5Pn6EnXjiUQyO1tQZs3gn6u7tfIRY7m6vKhWt-NrVnwDt9aQzp210-u_KfonYVozSpzU3xnbHglBBV2RQXp3RvKO6gA12Aty6dXKd8Ykf4Io5X0oNnQ8HdtaFZjwtFq4Aq'),('d09b6be31307a2de0b402e7d869a5b97',1412338966,3600,''),('f6ec496740db8be28d5fe38a278c9d6a',1412336342,3600,''),('fee6ffeb2c4d4c948439786081f9cc5a',1412336409,3600,'');

/*!40101 SET SQL_MODE=@OLD_SQL_MODE */;
/*!40014 SET FOREIGN_KEY_CHECKS=@OLD_FOREIGN_KEY_CHECKS */;
